"DateTime","Total Daily Mining Reward [Ether]"
"2015-07-30 00:00:00",39316
"2015-07-31 00:00:00",36192
"2015-08-01 00:00:00",27706
"2015-08-02 00:00:00",28223
"2015-08-03 00:00:00",27977
"2015-08-04 00:00:00",28478
"2015-08-05 00:00:00",27529
"2015-08-06 00:00:00",27075
"2015-08-07 00:00:00",27475
"2015-08-08 00:00:00",28012
"2015-08-09 00:00:00",27192
"2015-08-10 00:00:00",27849
"2015-08-11 00:00:00",28039
"2015-08-12 00:00:00",27404
"2015-08-13 00:00:00",28293
"2015-08-14 00:00:00",31121
"2015-08-15 00:00:00",28521
"2015-08-16 00:00:00",27101
"2015-08-17 00:00:00",28127
"2015-08-18 00:00:00",26175
"2015-08-19 00:00:00",27297
"2015-08-20 00:00:00",21064
"2015-08-21 00:00:00",26699
"2015-08-22 00:00:00",27593
"2015-08-23 00:00:00",26264
"2015-08-24 00:00:00",27342
"2015-08-25 00:00:00",26744
"2015-08-26 00:00:00",26145
"2015-08-27 00:00:00",24541
"2015-08-28 00:00:00",24235
"2015-08-29 00:00:00",22531
"2015-08-30 00:00:00",21459
"2015-08-31 00:00:00",21301
"2015-09-01 00:00:00",20351
"2015-09-02 00:00:00",18395
"2015-09-03 00:00:00",17388
"2015-09-04 00:00:00",23092
"2015-09-05 00:00:00",25638
"2015-09-06 00:00:00",26176
"2015-09-07 00:00:00",25470
"2015-09-08 00:00:00",25903
"2015-09-09 00:00:00",26437
"2015-09-10 00:00:00",26452
"2015-09-11 00:00:00",27249
"2015-09-12 00:00:00",26412
"2015-09-13 00:00:00",26181
"2015-09-14 00:00:00",25598
"2015-09-15 00:00:00",25624
"2015-09-16 00:00:00",26333
"2015-09-17 00:00:00",25444
"2015-09-18 00:00:00",25914
"2015-09-19 00:00:00",27188
"2015-09-20 00:00:00",27994
"2015-09-21 00:00:00",26662
"2015-09-22 00:00:00",26382
"2015-09-23 00:00:00",27091
"2015-09-24 00:00:00",26396
"2015-09-25 00:00:00",27013
"2015-09-26 00:00:00",25920
"2015-09-27 00:00:00",25020
"2015-09-28 00:00:00",24723
"2015-09-29 00:00:00",24377
"2015-09-30 00:00:00",25102
"2015-10-01 00:00:00",27431
"2015-10-02 00:00:00",26923
"2015-10-03 00:00:00",26464
"2015-10-04 00:00:00",25490
"2015-10-05 00:00:00",26148
"2015-10-06 00:00:00",25047
"2015-10-07 00:00:00",26146
"2015-10-08 00:00:00",26794
"2015-10-09 00:00:00",25459
"2015-10-10 00:00:00",25511
"2015-10-11 00:00:00",26520
"2015-10-12 00:00:00",26811
"2015-10-13 00:00:00",26681
"2015-10-14 00:00:00",25887
"2015-10-15 00:00:00",25629
"2015-10-16 00:00:00",25463
"2015-10-17 00:00:00",26463
"2015-10-18 00:00:00",25861
"2015-10-19 00:00:00",25978
"2015-10-20 00:00:00",26204
"2015-10-21 00:00:00",26057
"2015-10-22 00:00:00",25344
"2015-10-23 00:00:00",27572
"2015-10-24 00:00:00",27126
"2015-10-25 00:00:00",26823
"2015-10-26 00:00:00",25926
"2015-10-27 00:00:00",27545
"2015-10-28 00:00:00",26359
"2015-10-29 00:00:00",27520
"2015-10-30 00:00:00",27737
"2015-10-31 00:00:00",27763
"2015-11-01 00:00:00",28196
"2015-11-02 00:00:00",27145
"2015-11-03 00:00:00",27618
"2015-11-04 00:00:00",27726
"2015-11-05 00:00:00",27302
"2015-11-06 00:00:00",27438
"2015-11-07 00:00:00",26747
"2015-11-08 00:00:00",27319
"2015-11-09 00:00:00",27071
"2015-11-10 00:00:00",27459
"2015-11-11 00:00:00",27850
"2015-11-12 00:00:00",28050
"2015-11-13 00:00:00",28200
"2015-11-14 00:00:00",28376
"2015-11-15 00:00:00",28132
"2015-11-16 00:00:00",27405
"2015-11-17 00:00:00",27803
"2015-11-18 00:00:00",27262
"2015-11-19 00:00:00",26579
"2015-11-20 00:00:00",25142
"2015-11-21 00:00:00",26793
"2015-11-22 00:00:00",27000
"2015-11-23 00:00:00",27286
"2015-11-24 00:00:00",26861
"2015-11-25 00:00:00",26484
"2015-11-26 00:00:00",26548
"2015-11-27 00:00:00",27896
"2015-11-28 00:00:00",27223
"2015-11-29 00:00:00",27357
"2015-11-30 00:00:00",27377
"2015-12-01 00:00:00",27556
"2015-12-02 00:00:00",26018
"2015-12-03 00:00:00",28074
"2015-12-04 00:00:00",26692
"2015-12-05 00:00:00",26595
"2015-12-06 00:00:00",26273
"2015-12-07 00:00:00",26729
"2015-12-08 00:00:00",26322
"2015-12-09 00:00:00",28334
"2015-12-10 00:00:00",27489
"2015-12-11 00:00:00",27040
"2015-12-12 00:00:00",27230
"2015-12-13 00:00:00",27926
"2015-12-14 00:00:00",26783
"2015-12-15 00:00:00",27129
"2015-12-16 00:00:00",26502
"2015-12-17 00:00:00",26916
"2015-12-18 00:00:00",26704
"2015-12-19 00:00:00",26723
"2015-12-20 00:00:00",26471
"2015-12-21 00:00:00",26497
"2015-12-22 00:00:00",27434
"2015-12-23 00:00:00",27481
"2015-12-24 00:00:00",26732
"2015-12-25 00:00:00",26830
"2015-12-26 00:00:00",26591
"2015-12-27 00:00:00",26940
"2015-12-28 00:00:00",27094
"2015-12-29 00:00:00",26694
"2015-12-30 00:00:00",26812
"2015-12-31 00:00:00",26937
"2016-01-01 00:00:00",26082
"2016-01-02 00:00:00",27403
"2016-01-03 00:00:00",27695
"2016-01-04 00:00:00",27442
"2016-01-05 00:00:00",27900
"2016-01-06 00:00:00",27692
"2016-01-07 00:00:00",27088
"2016-01-08 00:00:00",28023
"2016-01-09 00:00:00",27635
"2016-01-10 00:00:00",27314
"2016-01-11 00:00:00",27031
"2016-01-12 00:00:00",25926
"2016-01-13 00:00:00",26596
"2016-01-14 00:00:00",26946
"2016-01-15 00:00:00",26821
"2016-01-16 00:00:00",26546
"2016-01-17 00:00:00",26617
"2016-01-18 00:00:00",26651
"2016-01-19 00:00:00",26128
"2016-01-20 00:00:00",26562
"2016-01-21 00:00:00",25940
"2016-01-22 00:00:00",26286
"2016-01-23 00:00:00",25787
"2016-01-24 00:00:00",27267
"2016-01-25 00:00:00",25737
"2016-01-26 00:00:00",27027
"2016-01-27 00:00:00",26158
"2016-01-28 00:00:00",26606
"2016-01-29 00:00:00",26198
"2016-01-30 00:00:00",26229
"2016-01-31 00:00:00",25716
"2016-02-01 00:00:00",26464
"2016-02-02 00:00:00",25898
"2016-02-03 00:00:00",27326
"2016-02-04 00:00:00",26595
"2016-02-05 00:00:00",26598
"2016-02-06 00:00:00",26587
"2016-02-07 00:00:00",26738
"2016-02-08 00:00:00",26693
"2016-02-09 00:00:00",26521
"2016-02-10 00:00:00",26220
"2016-02-11 00:00:00",26524
"2016-02-12 00:00:00",26535
"2016-02-13 00:00:00",26918
"2016-02-14 00:00:00",26357
"2016-02-15 00:00:00",26256
"2016-02-16 00:00:00",26479
"2016-02-17 00:00:00",25713
"2016-02-18 00:00:00",26244
"2016-02-19 00:00:00",26693
"2016-02-20 00:00:00",26588
"2016-02-21 00:00:00",26565
"2016-02-22 00:00:00",26790
"2016-02-23 00:00:00",26264
"2016-02-24 00:00:00",26479
"2016-02-25 00:00:00",26855
"2016-02-26 00:00:00",26705
"2016-02-27 00:00:00",26228
"2016-02-28 00:00:00",26451
"2016-02-29 00:00:00",25262
"2016-03-01 00:00:00",26515
"2016-03-02 00:00:00",26683
"2016-03-03 00:00:00",26147
"2016-03-04 00:00:00",25919
"2016-03-05 00:00:00",26616
"2016-03-06 00:00:00",25437
"2016-03-07 00:00:00",26016
"2016-03-08 00:00:00",25856
"2016-03-09 00:00:00",25769
"2016-03-10 00:00:00",26648
"2016-03-11 00:00:00",26322
"2016-03-12 00:00:00",26394
"2016-03-13 00:00:00",27276
"2016-03-14 00:00:00",26436
"2016-03-15 00:00:00",31248
"2016-03-16 00:00:00",31514
"2016-03-17 00:00:00",32056
"2016-03-18 00:00:00",31315
"2016-03-19 00:00:00",32123
"2016-03-20 00:00:00",31631
"2016-03-21 00:00:00",31415
"2016-03-22 00:00:00",31738
"2016-03-23 00:00:00",31327
"2016-03-24 00:00:00",32113
"2016-03-25 00:00:00",31930
"2016-03-26 00:00:00",31970
"2016-03-27 00:00:00",31650
"2016-03-28 00:00:00",31333
"2016-03-29 00:00:00",31462
"2016-03-30 00:00:00",31738
"2016-03-31 00:00:00",31414
"2016-04-01 00:00:00",31909
"2016-04-02 00:00:00",31099
"2016-04-03 00:00:00",31748
"2016-04-04 00:00:00",31978
"2016-04-05 00:00:00",31603
"2016-04-06 00:00:00",31284
"2016-04-07 00:00:00",31189
"2016-04-08 00:00:00",31940
"2016-04-09 00:00:00",30934
"2016-04-10 00:00:00",31801
"2016-04-11 00:00:00",30985
"2016-04-12 00:00:00",31406
"2016-04-13 00:00:00",31519
"2016-04-14 00:00:00",31433
"2016-04-15 00:00:00",31757
"2016-04-16 00:00:00",31548
"2016-04-17 00:00:00",31533
"2016-04-18 00:00:00",31880
"2016-04-19 00:00:00",31346
"2016-04-20 00:00:00",31855
"2016-04-21 00:00:00",31404
"2016-04-22 00:00:00",31597
"2016-04-23 00:00:00",31713
"2016-04-24 00:00:00",31517
"2016-04-25 00:00:00",32161
"2016-04-26 00:00:00",31309
"2016-04-27 00:00:00",31895
"2016-04-28 00:00:00",31705
"2016-04-29 00:00:00",31707
"2016-04-30 00:00:00",31924
"2016-05-01 00:00:00",31050
"2016-05-02 00:00:00",31939
"2016-05-03 00:00:00",31818
"2016-05-04 00:00:00",31486
"2016-05-05 00:00:00",31811
"2016-05-06 00:00:00",31773
"2016-05-07 00:00:00",31597
"2016-05-08 00:00:00",31878
"2016-05-09 00:00:00",31828
"2016-05-10 00:00:00",31729
"2016-05-11 00:00:00",31285
"2016-05-12 00:00:00",32296
"2016-05-13 00:00:00",32240
"2016-05-14 00:00:00",31703
"2016-05-15 00:00:00",31840
"2016-05-16 00:00:00",31539
"2016-05-17 00:00:00",32221
"2016-05-18 00:00:00",32439
"2016-05-19 00:00:00",31937
"2016-05-20 00:00:00",32128
"2016-05-21 00:00:00",31875
"2016-05-22 00:00:00",32285
"2016-05-23 00:00:00",32110
"2016-05-24 00:00:00",32032
"2016-05-25 00:00:00",32390
"2016-05-26 00:00:00",32080
"2016-05-27 00:00:00",32360
"2016-05-28 00:00:00",32400
"2016-05-29 00:00:00",32011
"2016-05-30 00:00:00",32036
"2016-05-31 00:00:00",31564
"2016-06-01 00:00:00",32175
"2016-06-02 00:00:00",32208
"2016-06-03 00:00:00",32297
"2016-06-04 00:00:00",32166
"2016-06-05 00:00:00",31607
"2016-06-06 00:00:00",32398
"2016-06-07 00:00:00",32013
"2016-06-08 00:00:00",32331
"2016-06-09 00:00:00",32255
"2016-06-10 00:00:00",31193
"2016-06-11 00:00:00",32403
"2016-06-12 00:00:00",32246
"2016-06-13 00:00:00",32261
"2016-06-14 00:00:00",32184
"2016-06-15 00:00:00",31897
"2016-06-16 00:00:00",31918
"2016-06-17 00:00:00",33646
"2016-06-18 00:00:00",34658
"2016-06-19 00:00:00",33250
"2016-06-20 00:00:00",31767
"2016-06-21 00:00:00",32071
"2016-06-22 00:00:00",32722
"2016-06-23 00:00:00",31880
"2016-06-24 00:00:00",32211
"2016-06-25 00:00:00",31714
"2016-06-26 00:00:00",32342
"2016-06-27 00:00:00",32123
"2016-06-28 00:00:00",32194
"2016-06-29 00:00:00",31927
"2016-06-30 00:00:00",32074
"2016-07-01 00:00:00",32664
"2016-07-02 00:00:00",31941
"2016-07-03 00:00:00",32070
"2016-07-04 00:00:00",32168
"2016-07-05 00:00:00",31608
"2016-07-06 00:00:00",32385
"2016-07-07 00:00:00",31923
"2016-07-08 00:00:00",31989
"2016-07-09 00:00:00",32847
"2016-07-10 00:00:00",31993
"2016-07-11 00:00:00",32014
"2016-07-12 00:00:00",31794
"2016-07-13 00:00:00",32183
"2016-07-14 00:00:00",31843
"2016-07-15 00:00:00",31914
"2016-07-16 00:00:00",32194
"2016-07-17 00:00:00",31797
"2016-07-18 00:00:00",32524
"2016-07-19 00:00:00",31803
"2016-07-20 00:00:00",31990
"2016-07-21 00:00:00",32818
"2016-07-22 00:00:00",31728
"2016-07-23 00:00:00",32428
"2016-07-24 00:00:00",31514
"2016-07-25 00:00:00",32031
"2016-07-26 00:00:00",30823
"2016-07-27 00:00:00",32976
"2016-07-28 00:00:00",32418
"2016-07-29 00:00:00",31985
"2016-07-30 00:00:00",31672
"2016-07-31 00:00:00",32250
"2016-08-01 00:00:00",31625
"2016-08-02 00:00:00",31389
"2016-08-03 00:00:00",31741
"2016-08-04 00:00:00",32885
"2016-08-05 00:00:00",32261
"2016-08-06 00:00:00",31616
"2016-08-07 00:00:00",32319
"2016-08-08 00:00:00",32230
"2016-08-09 00:00:00",32698
"2016-08-10 00:00:00",32196
"2016-08-11 00:00:00",32237
"2016-08-12 00:00:00",32133
"2016-08-13 00:00:00",32024
"2016-08-14 00:00:00",31993
"2016-08-15 00:00:00",32356
"2016-08-16 00:00:00",32068
"2016-08-17 00:00:00",32023
"2016-08-18 00:00:00",32825
"2016-08-19 00:00:00",31871
"2016-08-20 00:00:00",32262
"2016-08-21 00:00:00",32721
"2016-08-22 00:00:00",32323
"2016-08-23 00:00:00",32256
"2016-08-24 00:00:00",32303
"2016-08-25 00:00:00",32168
"2016-08-26 00:00:00",31903
"2016-08-27 00:00:00",32335
"2016-08-28 00:00:00",32054
"2016-08-29 00:00:00",31956
"2016-08-30 00:00:00",31907
"2016-08-31 00:00:00",32165
"2016-09-01 00:00:00",31776
"2016-09-02 00:00:00",32429
"2016-09-03 00:00:00",31523
"2016-09-04 00:00:00",31913
"2016-09-05 00:00:00",32218
"2016-09-06 00:00:00",31715
"2016-09-07 00:00:00",32302
"2016-09-08 00:00:00",31950
"2016-09-09 00:00:00",32259
"2016-09-10 00:00:00",31858
"2016-09-11 00:00:00",32382
"2016-09-12 00:00:00",32272
"2016-09-13 00:00:00",31935
"2016-09-14 00:00:00",32565
"2016-09-15 00:00:00",32219
"2016-09-16 00:00:00",32286
"2016-09-17 00:00:00",32190
"2016-09-18 00:00:00",29604
"2016-09-19 00:00:00",34304
"2016-09-20 00:00:00",32525
"2016-09-21 00:00:00",32114
"2016-09-22 00:00:00",31669
"2016-09-23 00:00:00",34329
"2016-09-24 00:00:00",33396
"2016-09-25 00:00:00",34458
"2016-09-26 00:00:00",32246
"2016-09-27 00:00:00",35383
"2016-09-28 00:00:00",32472
"2016-09-29 00:00:00",32355
"2016-09-30 00:00:00",31664
"2016-10-01 00:00:00",34570
"2016-10-02 00:00:00",35848
"2016-10-03 00:00:00",33340
"2016-10-04 00:00:00",32137
"2016-10-05 00:00:00",33146
"2016-10-06 00:00:00",32892
"2016-10-07 00:00:00",36605
"2016-10-08 00:00:00",36151
"2016-10-09 00:00:00",33486
"2016-10-10 00:00:00",33186
"2016-10-11 00:00:00",32519
"2016-10-12 00:00:00",33137
"2016-10-13 00:00:00",34939
"2016-10-14 00:00:00",32989
"2016-10-15 00:00:00",32276
"2016-10-16 00:00:00",32997
"2016-10-17 00:00:00",32449
"2016-10-18 00:00:00",33417
"2016-10-19 00:00:00",33242
"2016-10-20 00:00:00",34584
"2016-10-21 00:00:00",32169
"2016-10-22 00:00:00",31730
"2016-10-23 00:00:00",31358
"2016-10-24 00:00:00",32110
"2016-10-25 00:00:00",31708
"2016-10-26 00:00:00",31992
"2016-10-27 00:00:00",31478
"2016-10-28 00:00:00",31115
"2016-10-29 00:00:00",29661
"2016-10-30 00:00:00",31991
"2016-10-31 00:00:00",32055
"2016-11-01 00:00:00",30540
"2016-11-02 00:00:00",31171
"2016-11-03 00:00:00",31246
"2016-11-04 00:00:00",30945
"2016-11-05 00:00:00",31449
"2016-11-06 00:00:00",31823
"2016-11-07 00:00:00",33288
"2016-11-08 00:00:00",32359
"2016-11-09 00:00:00",31037
"2016-11-10 00:00:00",31246
"2016-11-11 00:00:00",31384
"2016-11-12 00:00:00",31981
"2016-11-13 00:00:00",32458
"2016-11-14 00:00:00",31923
"2016-11-15 00:00:00",31474
"2016-11-16 00:00:00",31616
"2016-11-17 00:00:00",30839
"2016-11-18 00:00:00",33135
"2016-11-19 00:00:00",32359
"2016-11-20 00:00:00",32493
"2016-11-21 00:00:00",31847
"2016-11-22 00:00:00",31216
"2016-11-23 00:00:00",32708
"2016-11-24 00:00:00",32457
"2016-11-25 00:00:00",33495
"2016-11-26 00:00:00",32569
"2016-11-27 00:00:00",33826
"2016-11-28 00:00:00",34062
"2016-11-29 00:00:00",33073
"2016-11-30 00:00:00",31875
"2016-12-01 00:00:00",31776
"2016-12-02 00:00:00",31824
"2016-12-03 00:00:00",32142
"2016-12-04 00:00:00",31199
"2016-12-05 00:00:00",31266
"2016-12-06 00:00:00",32010
"2016-12-07 00:00:00",31746
"2016-12-08 00:00:00",32887
"2016-12-09 00:00:00",31692
"2016-12-10 00:00:00",31705
"2016-12-11 00:00:00",31819
"2016-12-12 00:00:00",31371
"2016-12-13 00:00:00",31841
"2016-12-14 00:00:00",31885
"2016-12-15 00:00:00",31402
"2016-12-16 00:00:00",31787
"2016-12-17 00:00:00",31995
"2016-12-18 00:00:00",31920
"2016-12-19 00:00:00",31507
"2016-12-20 00:00:00",31713
"2016-12-21 00:00:00",31648
"2016-12-22 00:00:00",31113
"2016-12-23 00:00:00",31147
"2016-12-24 00:00:00",31353
"2016-12-25 00:00:00",32033
"2016-12-26 00:00:00",31668
"2016-12-27 00:00:00",31263
"2016-12-28 00:00:00",31603
"2016-12-29 00:00:00",31859
"2016-12-30 00:00:00",31726
"2016-12-31 00:00:00",31257
"2017-01-01 00:00:00",31774
"2017-01-02 00:00:00",31559
"2017-01-03 00:00:00",31564
"2017-01-04 00:00:00",32139
"2017-01-05 00:00:00",31852
"2017-01-06 00:00:00",31391
"2017-01-07 00:00:00",31925
"2017-01-08 00:00:00",31717
"2017-01-09 00:00:00",31786
"2017-01-10 00:00:00",31388
"2017-01-11 00:00:00",31558
"2017-01-12 00:00:00",31594
"2017-01-13 00:00:00",31766
"2017-01-14 00:00:00",31507
"2017-01-15 00:00:00",31732
"2017-01-16 00:00:00",31573
"2017-01-17 00:00:00",31336
"2017-01-18 00:00:00",31642
"2017-01-19 00:00:00",32152
"2017-01-20 00:00:00",31155
"2017-01-21 00:00:00",31554
"2017-01-22 00:00:00",31614
"2017-01-23 00:00:00",31533
"2017-01-24 00:00:00",31462
"2017-01-25 00:00:00",31461
"2017-01-26 00:00:00",31821
"2017-01-27 00:00:00",31150
"2017-01-28 00:00:00",31561
"2017-01-29 00:00:00",31164
"2017-01-30 00:00:00",31948
"2017-01-31 00:00:00",31446
"2017-02-01 00:00:00",31370
"2017-02-02 00:00:00",31450
"2017-02-03 00:00:00",31307
"2017-02-04 00:00:00",31794
"2017-02-05 00:00:00",31636
"2017-02-06 00:00:00",31659
"2017-02-07 00:00:00",31537
"2017-02-08 00:00:00",31752
"2017-02-09 00:00:00",31468
"2017-02-10 00:00:00",31543
"2017-02-11 00:00:00",31628
"2017-02-12 00:00:00",31610
"2017-02-13 00:00:00",31796
"2017-02-14 00:00:00",31521
"2017-02-15 00:00:00",31812
"2017-02-16 00:00:00",31579
"2017-02-17 00:00:00",31367
"2017-02-18 00:00:00",31256
"2017-02-19 00:00:00",31304
"2017-02-20 00:00:00",31429
"2017-02-21 00:00:00",31472
"2017-02-22 00:00:00",31038
"2017-02-23 00:00:00",31273
"2017-02-24 00:00:00",31305
"2017-02-25 00:00:00",31599
"2017-02-26 00:00:00",31860
"2017-02-27 00:00:00",31291
"2017-02-28 00:00:00",31907
"2017-03-01 00:00:00",31200
"2017-03-02 00:00:00",31686
"2017-03-03 00:00:00",31345
"2017-03-04 00:00:00",31215
"2017-03-05 00:00:00",31605
"2017-03-06 00:00:00",31194
"2017-03-07 00:00:00",31113
"2017-03-08 00:00:00",31366
"2017-03-09 00:00:00",30859
"2017-03-10 00:00:00",31083
"2017-03-11 00:00:00",31283
"2017-03-12 00:00:00",30898
"2017-03-13 00:00:00",31690
"2017-03-14 00:00:00",31290
"2017-03-15 00:00:00",31442
"2017-03-16 00:00:00",31513
"2017-03-17 00:00:00",31931
"2017-03-18 00:00:00",31543
"2017-03-19 00:00:00",31052
"2017-03-20 00:00:00",31727
"2017-03-21 00:00:00",31081
"2017-03-22 00:00:00",31433
"2017-03-23 00:00:00",31042
"2017-03-24 00:00:00",30914
"2017-03-25 00:00:00",31121
"2017-03-26 00:00:00",31234
"2017-03-27 00:00:00",31080
"2017-03-28 00:00:00",30619
"2017-03-29 00:00:00",31338
"2017-03-30 00:00:00",30891
"2017-03-31 00:00:00",31286
"2017-04-01 00:00:00",30908
"2017-04-02 00:00:00",30507
"2017-04-03 00:00:00",31261
"2017-04-04 00:00:00",31120
"2017-04-05 00:00:00",31304
"2017-04-06 00:00:00",30798
"2017-04-07 00:00:00",31147
"2017-04-08 00:00:00",30968
"2017-04-09 00:00:00",30299
"2017-04-10 00:00:00",30100
"2017-04-11 00:00:00",30509
"2017-04-12 00:00:00",30298
"2017-04-13 00:00:00",30402
"2017-04-14 00:00:00",31053
"2017-04-15 00:00:00",30056
"2017-04-16 00:00:00",30562
"2017-04-17 00:00:00",30708
"2017-04-18 00:00:00",30590
"2017-04-19 00:00:00",29691
"2017-04-20 00:00:00",30494
"2017-04-21 00:00:00",30570
"2017-04-22 00:00:00",30065
"2017-04-23 00:00:00",30556
"2017-04-24 00:00:00",29858
"2017-04-25 00:00:00",30836
"2017-04-26 00:00:00",29407
"2017-04-27 00:00:00",29417
"2017-04-28 00:00:00",29761
"2017-04-29 00:00:00",29288
"2017-04-30 00:00:00",29448
"2017-05-01 00:00:00",29463
"2017-05-02 00:00:00",29549
"2017-05-03 00:00:00",29630
"2017-05-04 00:00:00",29519
"2017-05-05 00:00:00",29783
"2017-05-06 00:00:00",29788
"2017-05-07 00:00:00",29986
"2017-05-08 00:00:00",29522
"2017-05-09 00:00:00",29862
"2017-05-10 00:00:00",29720
"2017-05-11 00:00:00",29844
"2017-05-12 00:00:00",29999
"2017-05-13 00:00:00",29360
"2017-05-14 00:00:00",28324
"2017-05-15 00:00:00",28594
"2017-05-16 00:00:00",28855
"2017-05-17 00:00:00",28119
"2017-05-18 00:00:00",28639
"2017-05-19 00:00:00",28555
"2017-05-20 00:00:00",28808
"2017-05-21 00:00:00",28815
"2017-05-22 00:00:00",28952
"2017-05-23 00:00:00",28830
"2017-05-24 00:00:00",28916
"2017-05-25 00:00:00",29054
"2017-05-26 00:00:00",29174
"2017-05-27 00:00:00",28954
"2017-05-28 00:00:00",29016
"2017-05-29 00:00:00",29730
"2017-05-30 00:00:00",30139
"2017-05-31 00:00:00",29383
"2017-06-01 00:00:00",28323
"2017-06-02 00:00:00",27112
"2017-06-03 00:00:00",27758
"2017-06-04 00:00:00",27484
"2017-06-05 00:00:00",28012
"2017-06-06 00:00:00",27746
"2017-06-07 00:00:00",28049
"2017-06-08 00:00:00",27871
"2017-06-09 00:00:00",27901
"2017-06-10 00:00:00",28373
"2017-06-11 00:00:00",28241
"2017-06-12 00:00:00",28613
"2017-06-13 00:00:00",28571
"2017-06-14 00:00:00",28524
"2017-06-15 00:00:00",28478
"2017-06-16 00:00:00",28628
"2017-06-17 00:00:00",28538
"2017-06-18 00:00:00",28839
"2017-06-19 00:00:00",28916
"2017-06-20 00:00:00",27429
"2017-06-21 00:00:00",27064
"2017-06-22 00:00:00",27218
"2017-06-23 00:00:00",26572
"2017-06-24 00:00:00",27135
"2017-06-25 00:00:00",26795
"2017-06-26 00:00:00",27574
"2017-06-27 00:00:00",26914
"2017-06-28 00:00:00",27416
"2017-06-29 00:00:00",27475
"2017-06-30 00:00:00",27209
"2017-07-01 00:00:00",26999
"2017-07-02 00:00:00",27030
"2017-07-03 00:00:00",27557
"2017-07-04 00:00:00",27743
"2017-07-05 00:00:00",27169
"2017-07-06 00:00:00",27231
"2017-07-07 00:00:00",27644
"2017-07-08 00:00:00",27427
"2017-07-09 00:00:00",27197
"2017-07-10 00:00:00",24695
"2017-07-11 00:00:00",24255
"2017-07-12 00:00:00",24268
"2017-07-13 00:00:00",24099
"2017-07-14 00:00:00",24047
"2017-07-15 00:00:00",24440
"2017-07-16 00:00:00",24286
"2017-07-17 00:00:00",23800
"2017-07-18 00:00:00",24374
"2017-07-19 00:00:00",24808
"2017-07-20 00:00:00",24749
"2017-07-21 00:00:00",24152
"2017-07-22 00:00:00",24532
"2017-07-23 00:00:00",24772
"2017-07-24 00:00:00",24368
"2017-07-25 00:00:00",25048
"2017-07-26 00:00:00",24809
"2017-07-27 00:00:00",24617
"2017-07-28 00:00:00",24967
"2017-07-29 00:00:00",24697
"2017-07-30 00:00:00",24926
"2017-07-31 00:00:00",24290
"2017-08-01 00:00:00",21684
"2017-08-02 00:00:00",21372
"2017-08-03 00:00:00",21203
"2017-08-04 00:00:00",21525
"2017-08-05 00:00:00",21424
"2017-08-06 00:00:00",21511
"2017-08-07 00:00:00",21945
"2017-08-08 00:00:00",21974
"2017-08-09 00:00:00",21998
"2017-08-10 00:00:00",21777
"2017-08-11 00:00:00",22256
"2017-08-12 00:00:00",22266
"2017-08-13 00:00:00",22339
"2017-08-14 00:00:00",22384
"2017-08-15 00:00:00",22608
"2017-08-16 00:00:00",23734
"2017-08-17 00:00:00",23224
"2017-08-18 00:00:00",23329
"2017-08-19 00:00:00",23036
"2017-08-20 00:00:00",22426
"2017-08-21 00:00:00",23076
"2017-08-22 00:00:00",22848
"2017-08-23 00:00:00",22926
"2017-08-24 00:00:00",22855
"2017-08-25 00:00:00",19131
"2017-08-26 00:00:00",18864
"2017-08-27 00:00:00",18911
"2017-08-28 00:00:00",18749
"2017-08-29 00:00:00",19596
"2017-08-30 00:00:00",19377
"2017-08-31 00:00:00",19504
"2017-09-01 00:00:00",19345
"2017-09-02 00:00:00",19462
"2017-09-03 00:00:00",18939
"2017-09-04 00:00:00",19409
"2017-09-05 00:00:00",19717
"2017-09-06 00:00:00",19659
"2017-09-07 00:00:00",19867
"2017-09-08 00:00:00",20026
"2017-09-09 00:00:00",19477
"2017-09-10 00:00:00",19402
"2017-09-11 00:00:00",19239
"2017-09-12 00:00:00",19832
"2017-09-13 00:00:00",19361
"2017-09-14 00:00:00",19698
"2017-09-15 00:00:00",20173
"2017-09-16 00:00:00",19999
"2017-09-17 00:00:00",19593
"2017-09-18 00:00:00",19468
"2017-09-19 00:00:00",19758
"2017-09-20 00:00:00",19839
"2017-09-21 00:00:00",19662
"2017-09-22 00:00:00",16050
"2017-09-23 00:00:00",15321
"2017-09-24 00:00:00",15901
"2017-09-25 00:00:00",15258
"2017-09-26 00:00:00",15593
"2017-09-27 00:00:00",15834
"2017-09-28 00:00:00",15368
"2017-09-29 00:00:00",15183
"2017-09-30 00:00:00",15303
"2017-10-01 00:00:00",15491
"2017-10-02 00:00:00",15446
"2017-10-03 00:00:00",15560
"2017-10-04 00:00:00",15704
"2017-10-05 00:00:00",15896
"2017-10-06 00:00:00",15461
"2017-10-07 00:00:00",15331
"2017-10-08 00:00:00",15557
"2017-10-09 00:00:00",15589
"2017-10-10 00:00:00",15902
"2017-10-11 00:00:00",16438
"2017-10-12 00:00:00",15814
"2017-10-13 00:00:00",15912
"2017-10-14 00:00:00",15716
"2017-10-15 00:00:00",15967
"2017-10-16 00:00:00",16507
"2017-10-17 00:00:00",20470
"2017-10-18 00:00:00",20677
"2017-10-19 00:00:00",20710
"2017-10-20 00:00:00",20967
"2017-10-21 00:00:00",20373
"2017-10-22 00:00:00",20580
"2017-10-23 00:00:00",20740
"2017-10-24 00:00:00",20887
"2017-10-25 00:00:00",20509
"2017-10-26 00:00:00",20473
"2017-10-27 00:00:00",20769
"2017-10-28 00:00:00",20687
"2017-10-29 00:00:00",20531
"2017-10-30 00:00:00",20394
"2017-10-31 00:00:00",20967
"2017-11-01 00:00:00",20599
"2017-11-02 00:00:00",20671
"2017-11-03 00:00:00",20588
"2017-11-04 00:00:00",20400
"2017-11-05 00:00:00",20792
"2017-11-06 00:00:00",20509
"2017-11-07 00:00:00",20729
"2017-11-08 00:00:00",20633
"2017-11-09 00:00:00",20638
"2017-11-10 00:00:00",20819
"2017-11-11 00:00:00",20651
"2017-11-12 00:00:00",20509
"2017-11-13 00:00:00",20731
"2017-11-14 00:00:00",20386
"2017-11-15 00:00:00",20906
"2017-11-16 00:00:00",20576
"2017-11-17 00:00:00",20737
"2017-11-18 00:00:00",20588
"2017-11-19 00:00:00",20705
"2017-11-20 00:00:00",20780
"2017-11-21 00:00:00",20758
"2017-11-22 00:00:00",20870
"2017-11-23 00:00:00",20711
"2017-11-24 00:00:00",20725
"2017-11-25 00:00:00",20605
"2017-11-26 00:00:00",20716
"2017-11-27 00:00:00",20641
"2017-11-28 00:00:00",20733
"2017-11-29 00:00:00",20869
"2017-11-30 00:00:00",20839
"2017-12-01 00:00:00",20893
"2017-12-02 00:00:00",20550
"2017-12-03 00:00:00",20744
"2017-12-04 00:00:00",21230
"2017-12-05 00:00:00",21813
"2017-12-06 00:00:00",22183
"2017-12-07 00:00:00",23195
"2017-12-08 00:00:00",22794
"2017-12-09 00:00:00",22739
"2017-12-10 00:00:00",22329
"2017-12-11 00:00:00",21878
"2017-12-12 00:00:00",22163
"2017-12-13 00:00:00",22087
"2017-12-14 00:00:00",22538
"2017-12-15 00:00:00",22315
"2017-12-16 00:00:00",21883
"2017-12-17 00:00:00",21560
"2017-12-18 00:00:00",21750
"2017-12-19 00:00:00",22144
"2017-12-20 00:00:00",22403
"2017-12-21 00:00:00",22205
"2017-12-22 00:00:00",22266
"2017-12-23 00:00:00",22066
"2017-12-24 00:00:00",21541
"2017-12-25 00:00:00",21225
"2017-12-26 00:00:00",21147
"2017-12-27 00:00:00",21382
"2017-12-28 00:00:00",21290
"2017-12-29 00:00:00",21489
"2017-12-30 00:00:00",21536
"2017-12-31 00:00:00",21361
"2018-01-01 00:00:00",21419
"2018-01-02 00:00:00",21643
"2018-01-03 00:00:00",21880
"2018-01-04 00:00:00",22466
"2018-01-05 00:00:00",24172
"2018-01-06 00:00:00",24643
"2018-01-07 00:00:00",24128
"2018-01-08 00:00:00",23631
"2018-01-09 00:00:00",23909
"2018-01-10 00:00:00",24856
"2018-01-11 00:00:00",24206
"2018-01-12 00:00:00",23303
"2018-01-13 00:00:00",23156
"2018-01-14 00:00:00",23332
"2018-01-15 00:00:00",22687
"2018-01-16 00:00:00",23161
"2018-01-17 00:00:00",22945
"2018-01-18 00:00:00",22756
"2018-01-19 00:00:00",22534
"2018-01-20 00:00:00",22563
"2018-01-21 00:00:00",21646
"2018-01-22 00:00:00",21790
"2018-01-23 00:00:00",21942
"2018-01-24 00:00:00",21885
"2018-01-25 00:00:00",21418
"2018-01-26 00:00:00",21383
"2018-01-27 00:00:00",21257
"2018-01-28 00:00:00",21454
"2018-01-29 00:00:00",21826
"2018-01-30 00:00:00",21391
"2018-01-31 00:00:00",21627
"2018-02-01 00:00:00",22138
"2018-02-02 00:00:00",21873
"2018-02-03 00:00:00",21232
"2018-02-04 00:00:00",21173
"2018-02-05 00:00:00",21523
"2018-02-06 00:00:00",21324
"2018-02-07 00:00:00",21321
"2018-02-08 00:00:00",21056
"2018-02-09 00:00:00",20677
"2018-02-10 00:00:00",21045
"2018-02-11 00:00:00",19904
"2018-02-12 00:00:00",20323
"2018-02-13 00:00:00",20501
"2018-02-14 00:00:00",20134
"2018-02-15 00:00:00",21019
"2018-02-16 00:00:00",20749
"2018-02-17 00:00:00",20752
"2018-02-18 00:00:00",21068
"2018-02-19 00:00:00",20798
"2018-02-20 00:00:00",20291
"2018-02-21 00:00:00",21278
"2018-02-22 00:00:00",20560
"2018-02-23 00:00:00",21168
"2018-02-24 00:00:00",20848
"2018-02-25 00:00:00",20563
"2018-02-26 00:00:00",20310
"2018-02-27 00:00:00",20195
"2018-02-28 00:00:00",20634
"2018-03-01 00:00:00",20231
"2018-03-02 00:00:00",21107
"2018-03-03 00:00:00",20538
"2018-03-04 00:00:00",20175
"2018-03-05 00:00:00",20348
"2018-03-06 00:00:00",20890
"2018-03-07 00:00:00",20473
"2018-03-08 00:00:00",20151
"2018-03-09 00:00:00",20498
"2018-03-10 00:00:00",20558
"2018-03-11 00:00:00",20579
"2018-03-12 00:00:00",20368
"2018-03-13 00:00:00",20047
"2018-03-14 00:00:00",20784
"2018-03-15 00:00:00",20002
"2018-03-16 00:00:00",20763
"2018-03-17 00:00:00",20319
"2018-03-18 00:00:00",20167
"2018-03-19 00:00:00",19947
"2018-03-20 00:00:00",20051
"2018-03-21 00:00:00",20438
"2018-03-22 00:00:00",20392
"2018-03-23 00:00:00",20262
"2018-03-24 00:00:00",20429
"2018-03-25 00:00:00",20047
"2018-03-26 00:00:00",20566
"2018-03-27 00:00:00",20383
"2018-03-28 00:00:00",20546
"2018-03-29 00:00:00",20295
"2018-03-30 00:00:00",20620
"2018-03-31 00:00:00",20371
"2018-04-01 00:00:00",20392
"2018-04-02 00:00:00",20259
"2018-04-03 00:00:00",20534
"2018-04-04 00:00:00",20404
"2018-04-05 00:00:00",20853
"2018-04-06 00:00:00",20699
"2018-04-07 00:00:00",20478
"2018-04-08 00:00:00",20415
"2018-04-09 00:00:00",20124
"2018-04-10 00:00:00",20469
"2018-04-11 00:00:00",19735
"2018-04-12 00:00:00",20090
"2018-04-13 00:00:00",20618
"2018-04-14 00:00:00",20394