"DateTime","Total Supply [Ether]"
"2015-07-30 00:00:00",72049307
"2015-07-31 00:00:00",72085498
"2015-08-01 00:00:00",72113204
"2015-08-02 00:00:00",72141428
"2015-08-03 00:00:00",72169404
"2015-08-04 00:00:00",72197883
"2015-08-05 00:00:00",72225411
"2015-08-06 00:00:00",72252487
"2015-08-07 00:00:00",72279925
"2015-08-08 00:00:00",72307868
"2015-08-09 00:00:00",72335046
"2015-08-10 00:00:00",72362864
"2015-08-11 00:00:00",72390891
"2015-08-12 00:00:00",72418262
"2015-08-13 00:00:00",72446531
"2015-08-14 00:00:00",72477637
"2015-08-15 00:00:00",72506150
"2015-08-16 00:00:00",72533244
"2015-08-17 00:00:00",72561363
"2015-08-18 00:00:00",72587526
"2015-08-19 00:00:00",72614808
"2015-08-20 00:00:00",72635865
"2015-08-21 00:00:00",72662556
"2015-08-22 00:00:00",72690107
"2015-08-23 00:00:00",72716362
"2015-08-24 00:00:00",72743696
"2015-08-25 00:00:00",72770432
"2015-08-26 00:00:00",72796570
"2015-08-27 00:00:00",72821102
"2015-08-28 00:00:00",72845328
"2015-08-29 00:00:00",72867853
"2015-08-30 00:00:00",72889306
"2015-08-31 00:00:00",72910600
"2015-09-01 00:00:00",72930943
"2015-09-02 00:00:00",72949330
"2015-09-03 00:00:00",72966711
"2015-09-04 00:00:00",72989793
"2015-09-05 00:00:00",73015422
"2015-09-06 00:00:00",73041590
"2015-09-07 00:00:00",73067051
"2015-09-08 00:00:00",73092943
"2015-09-09 00:00:00",73119371
"2015-09-10 00:00:00",73145815
"2015-09-11 00:00:00",73173055
"2015-09-12 00:00:00",73199456
"2015-09-13 00:00:00",73225627
"2015-09-14 00:00:00",73251215
"2015-09-15 00:00:00",73276831
"2015-09-16 00:00:00",73303149
"2015-09-17 00:00:00",73328584
"2015-09-18 00:00:00",73354486
"2015-09-19 00:00:00",73381666
"2015-09-20 00:00:00",73409648
"2015-09-21 00:00:00",73436300
"2015-09-22 00:00:00",73462671
"2015-09-23 00:00:00",73489751
"2015-09-24 00:00:00",73516137
"2015-09-25 00:00:00",73543140
"2015-09-26 00:00:00",73569051
"2015-09-27 00:00:00",73594062
"2015-09-28 00:00:00",73618776
"2015-09-29 00:00:00",73643144
"2015-09-30 00:00:00",73668238
"2015-10-01 00:00:00",73695660
"2015-10-02 00:00:00",73722573
"2015-10-03 00:00:00",73749027
"2015-10-04 00:00:00",73774507
"2015-10-05 00:00:00",73800644
"2015-10-06 00:00:00",73825681
"2015-10-07 00:00:00",73851814
"2015-10-08 00:00:00",73878596
"2015-10-09 00:00:00",73904044
"2015-10-10 00:00:00",73929544
"2015-10-11 00:00:00",73956054
"2015-10-12 00:00:00",73982854
"2015-10-13 00:00:00",74009523
"2015-10-14 00:00:00",74035398
"2015-10-15 00:00:00",74061009
"2015-10-16 00:00:00",74086450
"2015-10-17 00:00:00",74112901
"2015-10-18 00:00:00",74138749
"2015-10-19 00:00:00",74164716
"2015-10-20 00:00:00",74190908
"2015-10-21 00:00:00",74216955
"2015-10-22 00:00:00",74242286
"2015-10-23 00:00:00",74269844
"2015-10-24 00:00:00",74296959
"2015-10-25 00:00:00",74323773
"2015-10-26 00:00:00",74349689
"2015-10-27 00:00:00",74377215
"2015-10-28 00:00:00",74403563
"2015-10-29 00:00:00",74431070
"2015-10-30 00:00:00",74458794
"2015-10-31 00:00:00",74486542
"2015-11-01 00:00:00",74514722
"2015-11-02 00:00:00",74541856
"2015-11-03 00:00:00",74569462
"2015-11-04 00:00:00",74597179
"2015-11-05 00:00:00",74624470
"2015-11-06 00:00:00",74651892
"2015-11-07 00:00:00",74678608
"2015-11-08 00:00:00",74705897
"2015-11-09 00:00:00",74732956
"2015-11-10 00:00:00",74760400
"2015-11-11 00:00:00",74788227
"2015-11-12 00:00:00",74816251
"2015-11-13 00:00:00",74844436
"2015-11-14 00:00:00",74872794
"2015-11-15 00:00:00",74900914
"2015-11-16 00:00:00",74928309
"2015-11-17 00:00:00",74956103
"2015-11-18 00:00:00",74983355
"2015-11-19 00:00:00",75009918
"2015-11-20 00:00:00",75035049
"2015-11-21 00:00:00",75061831
"2015-11-22 00:00:00",75088820
"2015-11-23 00:00:00",75116092
"2015-11-24 00:00:00",75142940
"2015-11-25 00:00:00",75169412
"2015-11-26 00:00:00",75195951
"2015-11-27 00:00:00",75223837
"2015-11-28 00:00:00",75251045
"2015-11-29 00:00:00",75278393
"2015-11-30 00:00:00",75305749
"2015-12-01 00:00:00",75333292
"2015-12-02 00:00:00",75359299
"2015-12-03 00:00:00",75387363
"2015-12-04 00:00:00",75414042
"2015-12-05 00:00:00",75440624
"2015-12-06 00:00:00",75466880
"2015-12-07 00:00:00",75493598
"2015-12-08 00:00:00",75519911
"2015-12-09 00:00:00",75548235
"2015-12-10 00:00:00",75575712
"2015-12-11 00:00:00",75602735
"2015-12-12 00:00:00",75629942
"2015-12-13 00:00:00",75657849
"2015-12-14 00:00:00",75684558
"2015-12-15 00:00:00",75711572
"2015-12-16 00:00:00",75738030
"2015-12-17 00:00:00",75764913
"2015-12-18 00:00:00",75791584
"2015-12-19 00:00:00",75818279
"2015-12-20 00:00:00",75844715
"2015-12-21 00:00:00",75871173
"2015-12-22 00:00:00",75898547
"2015-12-23 00:00:00",75925946
"2015-12-24 00:00:00",75952633
"2015-12-25 00:00:00",75979437
"2015-12-26 00:00:00",76005997
"2015-12-27 00:00:00",76032851
"2015-12-28 00:00:00",76059908
"2015-12-29 00:00:00",76086570
"2015-12-30 00:00:00",76113306
"2015-12-31 00:00:00",76140218
"2016-01-01 00:00:00",76166284
"2016-01-02 00:00:00",76193668
"2016-01-03 00:00:00",76221344
"2016-01-04 00:00:00",76248765
"2016-01-05 00:00:00",76276604
"2016-01-06 00:00:00",76304229
"2016-01-07 00:00:00",76331252
"2016-01-08 00:00:00",76359248
"2016-01-09 00:00:00",76386844
"2016-01-10 00:00:00",76414132
"2016-01-11 00:00:00",76441137
"2016-01-12 00:00:00",76467038
"2016-01-13 00:00:00",76493573
"2016-01-14 00:00:00",76520493
"2016-01-15 00:00:00",76547290
"2016-01-16 00:00:00",76573813
"2016-01-17 00:00:00",76600413
"2016-01-18 00:00:00",76627033
"2016-01-19 00:00:00",76653126
"2016-01-20 00:00:00",76679668
"2016-01-21 00:00:00",76705588
"2016-01-22 00:00:00",76731843
"2016-01-23 00:00:00",76757612
"2016-01-24 00:00:00",76784855
"2016-01-25 00:00:00",76810552
"2016-01-26 00:00:00",76837541
"2016-01-27 00:00:00",76863642
"2016-01-28 00:00:00",76890207
"2016-01-29 00:00:00",76916367
"2016-01-30 00:00:00",76942561
"2016-01-31 00:00:00",76968242
"2016-02-01 00:00:00",76994674
"2016-02-02 00:00:00",77020542
"2016-02-03 00:00:00",77047840
"2016-02-04 00:00:00",77074402
"2016-02-05 00:00:00",77100961
"2016-02-06 00:00:00",77127307
"2016-02-07 00:00:00",77153991
"2016-02-08 00:00:00",77180646
"2016-02-09 00:00:00",77207118
"2016-02-10 00:00:00",77233279
"2016-02-11 00:00:00",77259757
"2016-02-12 00:00:00",77286259
"2016-02-13 00:00:00",77313140
"2016-02-14 00:00:00",77339469
"2016-02-15 00:00:00",77365695
"2016-02-16 00:00:00",77392140
"2016-02-17 00:00:00",77417812
"2016-02-18 00:00:00",77444027
"2016-02-19 00:00:00",77470683
"2016-02-20 00:00:00",77497243
"2016-02-21 00:00:00",77523780
"2016-02-22 00:00:00",77550538
"2016-02-23 00:00:00",77576708
"2016-02-24 00:00:00",77603135
"2016-02-25 00:00:00",77629958
"2016-02-26 00:00:00",77656613
"2016-02-27 00:00:00",77682812
"2016-02-28 00:00:00",77709234
"2016-02-29 00:00:00",77734464
"2016-03-01 00:00:00",77760945
"2016-03-02 00:00:00",77787589
"2016-03-03 00:00:00",77813701
"2016-03-04 00:00:00",77839586
"2016-03-05 00:00:00",77866168
"2016-03-06 00:00:00",77891568
"2016-03-07 00:00:00",77917553
"2016-03-08 00:00:00",77943376
"2016-03-09 00:00:00",77969120
"2016-03-10 00:00:00",77995747
"2016-03-11 00:00:00",78022050
"2016-03-12 00:00:00",78048420
"2016-03-13 00:00:00",78075670
"2016-03-14 00:00:00",78102078
"2016-03-15 00:00:00",78133302
"2016-03-16 00:00:00",78164792
"2016-03-17 00:00:00",78196816
"2016-03-18 00:00:00",78228104
"2016-03-19 00:00:00",78260182
"2016-03-20 00:00:00",78291777
"2016-03-21 00:00:00",78323160
"2016-03-22 00:00:00",78354872
"2016-03-23 00:00:00",78386166
"2016-03-24 00:00:00",78418237
"2016-03-25 00:00:00",78450127
"2016-03-26 00:00:00",78482062
"2016-03-27 00:00:00",78513693
"2016-03-28 00:00:00",78545000
"2016-03-29 00:00:00",78576438
"2016-03-30 00:00:00",78608138
"2016-03-31 00:00:00",78639527
"2016-04-01 00:00:00",78671412
"2016-04-02 00:00:00",78702493
"2016-04-03 00:00:00",78734223
"2016-04-04 00:00:00",78766176
"2016-04-05 00:00:00",78797751
"2016-04-06 00:00:00",78829013
"2016-04-07 00:00:00",78860181
"2016-04-08 00:00:00",78892095
"2016-04-09 00:00:00",78923008
"2016-04-10 00:00:00",78954790
"2016-04-11 00:00:00",78985757
"2016-04-12 00:00:00",79017140
"2016-04-13 00:00:00",79048626
"2016-04-14 00:00:00",79080027
"2016-04-15 00:00:00",79111760
"2016-04-16 00:00:00",79143291
"2016-04-17 00:00:00",79174795
"2016-04-18 00:00:00",79206654
"2016-04-19 00:00:00",79237981
"2016-04-20 00:00:00",79269812
"2016-04-21 00:00:00",79301186
"2016-04-22 00:00:00",79332763
"2016-04-23 00:00:00",79364456
"2016-04-24 00:00:00",79395951
"2016-04-25 00:00:00",79428088
"2016-04-26 00:00:00",79459376
"2016-04-27 00:00:00",79491251
"2016-04-28 00:00:00",79522934
"2016-04-29 00:00:00",79554617
"2016-04-30 00:00:00",79586509
"2016-05-01 00:00:00",79617522
"2016-05-02 00:00:00",79649433
"2016-05-03 00:00:00",79681225
"2016-05-04 00:00:00",79712683
"2016-05-05 00:00:00",79744463
"2016-05-06 00:00:00",79776201
"2016-05-07 00:00:00",79807774
"2016-05-08 00:00:00",79839623
"2016-05-09 00:00:00",79871425
"2016-05-10 00:00:00",79903126
"2016-05-11 00:00:00",79934379
"2016-05-12 00:00:00",79966636
"2016-05-13 00:00:00",79998833
"2016-05-14 00:00:00",80030500
"2016-05-15 00:00:00",80062309
"2016-05-16 00:00:00",80093821
"2016-05-17 00:00:00",80126013
"2016-05-18 00:00:00",80158417
"2016-05-19 00:00:00",80190321
"2016-05-20 00:00:00",80222410
"2016-05-21 00:00:00",80254250
"2016-05-22 00:00:00",80286506
"2016-05-23 00:00:00",80318587
"2016-05-24 00:00:00",80350590
"2016-05-25 00:00:00",80382947
"2016-05-26 00:00:00",80414991
"2016-05-27 00:00:00",80447313
"2016-05-28 00:00:00",80479632
"2016-05-29 00:00:00",80511604
"2016-05-30 00:00:00",80543608
"2016-05-31 00:00:00",80575141
"2016-06-01 00:00:00",80607285
"2016-06-02 00:00:00",80639468
"2016-06-03 00:00:00",80671740
"2016-06-04 00:00:00",80703881
"2016-06-05 00:00:00",80735464
"2016-06-06 00:00:00",80767836
"2016-06-07 00:00:00",80799782
"2016-06-08 00:00:00",80832085
"2016-06-09 00:00:00",80864311
"2016-06-10 00:00:00",80895475
"2016-06-11 00:00:00",80927851
"2016-06-12 00:00:00",80960068
"2016-06-13 00:00:00",80992292
"2016-06-14 00:00:00",81024437
"2016-06-15 00:00:00",81056304
"2016-06-16 00:00:00",81088182
"2016-06-17 00:00:00",81121598
"2016-06-18 00:00:00",81155986
"2016-06-19 00:00:00",81189181
"2016-06-20 00:00:00",81220896
"2016-06-21 00:00:00",81252884
"2016-06-22 00:00:00",81285555
"2016-06-23 00:00:00",81317403
"2016-06-24 00:00:00",81349575
"2016-06-25 00:00:00",81381261
"2016-06-26 00:00:00",81413576
"2016-06-27 00:00:00",81445671
"2016-06-28 00:00:00",81477832
"2016-06-29 00:00:00",81509702
"2016-06-30 00:00:00",81541688
"2016-07-01 00:00:00",81574306
"2016-07-02 00:00:00",81606223
"2016-07-03 00:00:00",81638263
"2016-07-04 00:00:00",81670403
"2016-07-05 00:00:00",81701981
"2016-07-06 00:00:00",81734336
"2016-07-07 00:00:00",81766232
"2016-07-08 00:00:00",81798182
"2016-07-09 00:00:00",81830980
"2016-07-10 00:00:00",81862945
"2016-07-11 00:00:00",81894931
"2016-07-12 00:00:00",81926692
"2016-07-13 00:00:00",81958850
"2016-07-14 00:00:00",81990661
"2016-07-15 00:00:00",82022546
"2016-07-16 00:00:00",82054716
"2016-07-17 00:00:00",82086493
"2016-07-18 00:00:00",82118992
"2016-07-19 00:00:00",82150766
"2016-07-20 00:00:00",82182680
"2016-07-21 00:00:00",82215464
"2016-07-22 00:00:00",82247155
"2016-07-23 00:00:00",82279550
"2016-07-24 00:00:00",82311026
"2016-07-25 00:00:00",82343018
"2016-07-26 00:00:00",82373795
"2016-07-27 00:00:00",82406733
"2016-07-28 00:00:00",82439087
"2016-07-29 00:00:00",82471026
"2016-07-30 00:00:00",82502668
"2016-07-31 00:00:00",82534888
"2016-08-01 00:00:00",82566482
"2016-08-02 00:00:00",82597837
"2016-08-03 00:00:00",82629545
"2016-08-04 00:00:00",82662398
"2016-08-05 00:00:00",82694630
"2016-08-06 00:00:00",82726220
"2016-08-07 00:00:00",82758511
"2016-08-08 00:00:00",82790687
"2016-08-09 00:00:00",82823353
"2016-08-10 00:00:00",82855516
"2016-08-11 00:00:00",82887721
"2016-08-12 00:00:00",82919824
"2016-08-13 00:00:00",82951823
"2016-08-14 00:00:00",82983792
"2016-08-15 00:00:00",83016121
"2016-08-16 00:00:00",83048158
"2016-08-17 00:00:00",83080153
"2016-08-18 00:00:00",83112942
"2016-08-19 00:00:00",83144783
"2016-08-20 00:00:00",83177019
"2016-08-21 00:00:00",83209711
"2016-08-22 00:00:00",83242004
"2016-08-23 00:00:00",83274188
"2016-08-24 00:00:00",83306461
"2016-08-25 00:00:00",83338597
"2016-08-26 00:00:00",83370468
"2016-08-27 00:00:00",83402775
"2016-08-28 00:00:00",83434803
"2016-08-29 00:00:00",83466729
"2016-08-30 00:00:00",83498604
"2016-08-31 00:00:00",83530738
"2016-09-01 00:00:00",83562483
"2016-09-02 00:00:00",83594867
"2016-09-03 00:00:00",83626363
"2016-09-04 00:00:00",83658227
"2016-09-05 00:00:00",83690417
"2016-09-06 00:00:00",83722098
"2016-09-07 00:00:00",83754366
"2016-09-08 00:00:00",83786275
"2016-09-09 00:00:00",83818491
"2016-09-10 00:00:00",83850322
"2016-09-11 00:00:00",83882675
"2016-09-12 00:00:00",83914912
"2016-09-13 00:00:00",83946817
"2016-09-14 00:00:00",83979346
"2016-09-15 00:00:00",84011528
"2016-09-16 00:00:00",84043768
"2016-09-17 00:00:00",84075923
"2016-09-18 00:00:00",84105496
"2016-09-19 00:00:00",84139773
"2016-09-20 00:00:00",84172266
"2016-09-21 00:00:00",84204350
"2016-09-22 00:00:00",84235955
"2016-09-23 00:00:00",84270235
"2016-09-24 00:00:00",84303560
"2016-09-25 00:00:00",84337951
"2016-09-26 00:00:00",84370081
"2016-09-27 00:00:00",84405366
"2016-09-28 00:00:00",84437769
"2016-09-29 00:00:00",84470083
"2016-09-30 00:00:00",84501706
"2016-10-01 00:00:00",84536184
"2016-10-02 00:00:00",84571945
"2016-10-03 00:00:00",84605220
"2016-10-04 00:00:00",84637271
"2016-10-05 00:00:00",84670353
"2016-10-06 00:00:00",84703195
"2016-10-07 00:00:00",84739746
"2016-10-08 00:00:00",84775841
"2016-10-09 00:00:00",84809267
"2016-10-10 00:00:00",84842398
"2016-10-11 00:00:00",84874877
"2016-10-12 00:00:00",84907970
"2016-10-13 00:00:00",84942796
"2016-10-14 00:00:00",84975710
"2016-10-15 00:00:00",85007917
"2016-10-16 00:00:00",85040847
"2016-10-17 00:00:00",85073225
"2016-10-18 00:00:00",85106546
"2016-10-19 00:00:00",85139695
"2016-10-20 00:00:00",85174224
"2016-10-21 00:00:00",85206351
"2016-10-22 00:00:00",85238054
"2016-10-23 00:00:00",85269386
"2016-10-24 00:00:00",85301448
"2016-10-25 00:00:00",85333112
"2016-10-26 00:00:00",85365069
"2016-10-27 00:00:00",85396514
"2016-10-28 00:00:00",85427593
"2016-10-29 00:00:00",85457223
"2016-10-30 00:00:00",85489183
"2016-10-31 00:00:00",85521204
"2016-11-01 00:00:00",85551703
"2016-11-02 00:00:00",85582845
"2016-11-03 00:00:00",85614061
"2016-11-04 00:00:00",85644984
"2016-11-05 00:00:00",85676409
"2016-11-06 00:00:00",85708209
"2016-11-07 00:00:00",85741468
"2016-11-08 00:00:00",85773795
"2016-11-09 00:00:00",85804798
"2016-11-10 00:00:00",85836008
"2016-11-11 00:00:00",85867348
"2016-11-12 00:00:00",85899298
"2016-11-13 00:00:00",85931722
"2016-11-14 00:00:00",85963606
"2016-11-15 00:00:00",85995043
"2016-11-16 00:00:00",86026625
"2016-11-17 00:00:00",86057433
"2016-11-18 00:00:00",86090534
"2016-11-19 00:00:00",86122865
"2016-11-20 00:00:00",86155325
"2016-11-21 00:00:00",86187137
"2016-11-22 00:00:00",86218314
"2016-11-23 00:00:00",86250940
"2016-11-24 00:00:00",86283338
"2016-11-25 00:00:00",86316772
"2016-11-26 00:00:00",86349268
"2016-11-27 00:00:00",86382979
"2016-11-28 00:00:00",86416919
"2016-11-29 00:00:00",86449890
"2016-11-30 00:00:00",86481730
"2016-12-01 00:00:00",86513479
"2016-12-02 00:00:00",86545275
"2016-12-03 00:00:00",86577391
"2016-12-04 00:00:00",86608564
"2016-12-05 00:00:00",86639799
"2016-12-06 00:00:00",86671774
"2016-12-07 00:00:00",86703485
"2016-12-08 00:00:00",86735579
"2016-12-09 00:00:00",86767240
"2016-12-10 00:00:00",86798916
"2016-12-11 00:00:00",86830698
"2016-12-12 00:00:00",86862037
"2016-12-13 00:00:00",86893847
"2016-12-14 00:00:00",86925698
"2016-12-15 00:00:00",86957066
"2016-12-16 00:00:00",86988822
"2016-12-17 00:00:00",87020784
"2016-12-18 00:00:00",87052677
"2016-12-19 00:00:00",87084147
"2016-12-20 00:00:00",87115816
"2016-12-21 00:00:00",87147409
"2016-12-22 00:00:00",87178483
"2016-12-23 00:00:00",87209601
"2016-12-24 00:00:00",87240928
"2016-12-25 00:00:00",87272936
"2016-12-26 00:00:00",87304581
"2016-12-27 00:00:00",87335807
"2016-12-28 00:00:00",87367379
"2016-12-29 00:00:00",87399197
"2016-12-30 00:00:00",87430879
"2016-12-31 00:00:00",87462107
"2017-01-01 00:00:00",87493855
"2017-01-02 00:00:00",87525386
"2017-01-03 00:00:00",87556909
"2017-01-04 00:00:00",87589009
"2017-01-05 00:00:00",87620826
"2017-01-06 00:00:00",87652186
"2017-01-07 00:00:00",87684081
"2017-01-08 00:00:00",87715765
"2017-01-09 00:00:00",87747515
"2017-01-10 00:00:00",87778865
"2017-01-11 00:00:00",87810388
"2017-01-12 00:00:00",87841944
"2017-01-13 00:00:00",87873675
"2017-01-14 00:00:00",87905153
"2017-01-15 00:00:00",87936855
"2017-01-16 00:00:00",87968395
"2017-01-17 00:00:00",87999691
"2017-01-18 00:00:00",88031299
"2017-01-19 00:00:00",88063420
"2017-01-20 00:00:00",88094541
"2017-01-21 00:00:00",88126065
"2017-01-22 00:00:00",88157643
"2017-01-23 00:00:00",88189141
"2017-01-24 00:00:00",88220562
"2017-01-25 00:00:00",88251985
"2017-01-26 00:00:00",88283770
"2017-01-27 00:00:00",88314885
"2017-01-28 00:00:00",88346413
"2017-01-29 00:00:00",88377546
"2017-01-30 00:00:00",88409461
"2017-01-31 00:00:00",88440875
"2017-02-01 00:00:00",88472207
"2017-02-02 00:00:00",88503622
"2017-02-03 00:00:00",88534896
"2017-02-04 00:00:00",88566656
"2017-02-05 00:00:00",88598258
"2017-02-06 00:00:00",88629881
"2017-02-07 00:00:00",88661373
"2017-02-08 00:00:00",88693081
"2017-02-09 00:00:00",88724508
"2017-02-10 00:00:00",88756004
"2017-02-11 00:00:00",88787594
"2017-02-12 00:00:00",88819164
"2017-02-13 00:00:00",88850898
"2017-02-14 00:00:00",88882369
"2017-02-15 00:00:00",88914090
"2017-02-16 00:00:00",88945630
"2017-02-17 00:00:00",88976958
"2017-02-18 00:00:00",89008170
"2017-02-19 00:00:00",89039437
"2017-02-20 00:00:00",89070825
"2017-02-21 00:00:00",89102242
"2017-02-22 00:00:00",89133229
"2017-02-23 00:00:00",89164458
"2017-02-24 00:00:00",89195722
"2017-02-25 00:00:00",89227276
"2017-02-26 00:00:00",89259096
"2017-02-27 00:00:00",89290343
"2017-02-28 00:00:00",89322199
"2017-03-01 00:00:00",89353343
"2017-03-02 00:00:00",89384974
"2017-03-03 00:00:00",89416273
"2017-03-04 00:00:00",89447446
"2017-03-05 00:00:00",89479008
"2017-03-06 00:00:00",89510161
"2017-03-07 00:00:00",89541230
"2017-03-08 00:00:00",89572556
"2017-03-09 00:00:00",89603365
"2017-03-10 00:00:00",89634392
"2017-03-11 00:00:00",89665628
"2017-03-12 00:00:00",89696477
"2017-03-13 00:00:00",89728091
"2017-03-14 00:00:00",89759306
"2017-03-15 00:00:00",89790683
"2017-03-16 00:00:00",89822111
"2017-03-17 00:00:00",89853953
"2017-03-18 00:00:00",89885436
"2017-03-19 00:00:00",89916430
"2017-03-20 00:00:00",89948101
"2017-03-21 00:00:00",89979117
"2017-03-22 00:00:00",90010489
"2017-03-23 00:00:00",90041470
"2017-03-24 00:00:00",90072311
"2017-03-25 00:00:00",90103374
"2017-03-26 00:00:00",90134549
"2017-03-27 00:00:00",90165552
"2017-03-28 00:00:00",90196107
"2017-03-29 00:00:00",90227375
"2017-03-30 00:00:00",90258195
"2017-03-31 00:00:00",90289403
"2017-04-01 00:00:00",90320254
"2017-04-02 00:00:00",90350695
"2017-04-03 00:00:00",90381881
"2017-04-04 00:00:00",90412937
"2017-04-05 00:00:00",90444172
"2017-04-06 00:00:00",90474896
"2017-04-07 00:00:00",90505971
"2017-04-08 00:00:00",90536887
"2017-04-09 00:00:00",90567129
"2017-04-10 00:00:00",90597166
"2017-04-11 00:00:00",90627616
"2017-04-12 00:00:00",90657833
"2017-04-13 00:00:00",90688173
"2017-04-14 00:00:00",90719163
"2017-04-15 00:00:00",90749161
"2017-04-16 00:00:00",90779668
"2017-04-17 00:00:00",90810316
"2017-04-18 00:00:00",90840832
"2017-04-19 00:00:00",90870445
"2017-04-20 00:00:00",90900867
"2017-04-21 00:00:00",90931344
"2017-04-22 00:00:00",90961334
"2017-04-23 00:00:00",90991826
"2017-04-24 00:00:00",91021611
"2017-04-25 00:00:00",91052369
"2017-04-26 00:00:00",91081701
"2017-04-27 00:00:00",91111031
"2017-04-28 00:00:00",91140713
"2017-04-29 00:00:00",91169931
"2017-04-30 00:00:00",91199299
"2017-05-01 00:00:00",91228657
"2017-05-02 00:00:00",91258093
"2017-05-03 00:00:00",91287646
"2017-05-04 00:00:00",91317073
"2017-05-05 00:00:00",91346771
"2017-05-06 00:00:00",91376475
"2017-05-07 00:00:00",91406355
"2017-05-08 00:00:00",91435781
"2017-05-09 00:00:00",91465536
"2017-05-10 00:00:00",91495151
"2017-05-11 00:00:00",91524885
"2017-05-12 00:00:00",91554775
"2017-05-13 00:00:00",91584028
"2017-05-14 00:00:00",91612246
"2017-05-15 00:00:00",91640708
"2017-05-16 00:00:00",91669426
"2017-05-17 00:00:00",91697325
"2017-05-18 00:00:00",91725806
"2017-05-19 00:00:00",91754187
"2017-05-20 00:00:00",91782839
"2017-05-21 00:00:00",91811493
"2017-05-22 00:00:00",91840262
"2017-05-23 00:00:00",91868838
"2017-05-24 00:00:00",91897483
"2017-05-25 00:00:00",91926318
"2017-05-26 00:00:00",91955286
"2017-05-27 00:00:00",91984057
"2017-05-28 00:00:00",92012881
"2017-05-29 00:00:00",92042418
"2017-05-30 00:00:00",92072237
"2017-05-31 00:00:00",92100986
"2017-06-01 00:00:00",92129055
"2017-06-02 00:00:00",92155876
"2017-06-03 00:00:00",92183406
"2017-06-04 00:00:00",92210635
"2017-06-05 00:00:00",92238427
"2017-06-06 00:00:00",92265908
"2017-06-07 00:00:00",92293679
"2017-06-08 00:00:00",92321310
"2017-06-09 00:00:00",92348960
"2017-06-10 00:00:00",92377119
"2017-06-11 00:00:00",92405046
"2017-06-12 00:00:00",92433146
"2017-06-13 00:00:00",92461422
"2017-06-14 00:00:00",92489691
"2017-06-15 00:00:00",92517890
"2017-06-16 00:00:00",92546261
"2017-06-17 00:00:00",92574560
"2017-06-18 00:00:00",92603147
"2017-06-19 00:00:00",92631780
"2017-06-20 00:00:00",92658490
"2017-06-21 00:00:00",92684641
"2017-06-22 00:00:00",92711174
"2017-06-23 00:00:00",92737276
"2017-06-24 00:00:00",92763771
"2017-06-25 00:00:00",92790154
"2017-06-26 00:00:00",92816853
"2017-06-27 00:00:00",92843436
"2017-06-28 00:00:00",92870078
"2017-06-29 00:00:00",92897087
"2017-06-30 00:00:00",92923944
"2017-07-01 00:00:00",92950627
"2017-07-02 00:00:00",92977339
"2017-07-03 00:00:00",93004470
"2017-07-04 00:00:00",93031836
"2017-07-05 00:00:00",93058596
"2017-07-06 00:00:00",93085523
"2017-07-07 00:00:00",93112811
"2017-07-08 00:00:00",93139877
"2017-07-09 00:00:00",93166818
"2017-07-10 00:00:00",93191252
"2017-07-11 00:00:00",93215220
"2017-07-12 00:00:00",93239158
"2017-07-13 00:00:00",93262929
"2017-07-14 00:00:00",93286701
"2017-07-15 00:00:00",93310853
"2017-07-16 00:00:00",93334863
"2017-07-17 00:00:00",93358381
"2017-07-18 00:00:00",93382331
"2017-07-19 00:00:00",93406815
"2017-07-20 00:00:00",93431308
"2017-07-21 00:00:00",93455150
"2017-07-22 00:00:00",93479457
"2017-07-23 00:00:00",93503941
"2017-07-24 00:00:00",93527999
"2017-07-25 00:00:00",93552692
"2017-07-26 00:00:00",93577207
"2017-07-27 00:00:00",93601560
"2017-07-28 00:00:00",93626245
"2017-07-29 00:00:00",93650737
"2017-07-30 00:00:00",93675455
"2017-07-31 00:00:00",93699514
"2017-08-01 00:00:00",93720934
"2017-08-02 00:00:00",93742069
"2017-08-03 00:00:00",93763036
"2017-08-04 00:00:00",93784341
"2017-08-05 00:00:00",93805529
"2017-08-06 00:00:00",93826794
"2017-08-07 00:00:00",93848416
"2017-08-08 00:00:00",93870051
"2017-08-09 00:00:00",93891781
"2017-08-10 00:00:00",93913244
"2017-08-11 00:00:00",93935146
"2017-08-12 00:00:00",93957067
"2017-08-13 00:00:00",93979102
"2017-08-14 00:00:00",94001140
"2017-08-15 00:00:00",94023364
"2017-08-16 00:00:00",94045930
"2017-08-17 00:00:00",94068463
"2017-08-18 00:00:00",94090774
"2017-08-19 00:00:00",94113338
"2017-08-20 00:00:00",94135471
"2017-08-21 00:00:00",94158216
"2017-08-22 00:00:00",94180739
"2017-08-23 00:00:00",94203349
"2017-08-24 00:00:00",94225881
"2017-08-25 00:00:00",94244701
"2017-08-26 00:00:00",94263267
"2017-08-27 00:00:00",94281903
"2017-08-28 00:00:00",94300328
"2017-08-29 00:00:00",94319408
"2017-08-30 00:00:00",94338352
"2017-08-31 00:00:00",94357118
"2017-09-01 00:00:00",94375948
"2017-09-02 00:00:00",94394796
"2017-09-03 00:00:00",94413438
"2017-09-04 00:00:00",94432359
"2017-09-05 00:00:00",94451460
"2017-09-06 00:00:00",94470348
"2017-09-07 00:00:00",94489481
"2017-09-08 00:00:00",94508748
"2017-09-09 00:00:00",94527784
"2017-09-10 00:00:00",94546773
"2017-09-11 00:00:00",94565619
"2017-09-12 00:00:00",94584931
"2017-09-13 00:00:00",94603830
"2017-09-14 00:00:00",94623119
"2017-09-15 00:00:00",94642656
"2017-09-16 00:00:00",94661994
"2017-09-17 00:00:00",94681216
"2017-09-18 00:00:00",94700281
"2017-09-19 00:00:00",94719654
"2017-09-20 00:00:00",94738836
"2017-09-21 00:00:00",94758172
"2017-09-22 00:00:00",94773916
"2017-09-23 00:00:00",94788922
"2017-09-24 00:00:00",94804383
"2017-09-25 00:00:00",94819257
"2017-09-26 00:00:00",94834464
"2017-09-27 00:00:00",94849875
"2017-09-28 00:00:00",94864873
"2017-09-29 00:00:00",94879726
"2017-09-30 00:00:00",94894657
"2017-10-01 00:00:00",94909790
"2017-10-02 00:00:00",94924879
"2017-10-03 00:00:00",94940058
"2017-10-04 00:00:00",94955376
"2017-10-05 00:00:00",94970853
"2017-10-06 00:00:00",94985877
"2017-10-07 00:00:00",95000892
"2017-10-08 00:00:00",95016092
"2017-10-09 00:00:00",95031301
"2017-10-10 00:00:00",95046785
"2017-10-11 00:00:00",95062285
"2017-10-12 00:00:00",95077676
"2017-10-13 00:00:00",95093113
"2017-10-14 00:00:00",95108431
"2017-10-15 00:00:00",95124011
"2017-10-16 00:00:00",95140181
"2017-10-17 00:00:00",95160328
"2017-10-18 00:00:00",95180706
"2017-10-19 00:00:00",95201132
"2017-10-20 00:00:00",95221607
"2017-10-21 00:00:00",95241750
"2017-10-22 00:00:00",95262134
"2017-10-23 00:00:00",95282605
"2017-10-24 00:00:00",95303134
"2017-10-25 00:00:00",95323352
"2017-10-26 00:00:00",95343551
"2017-10-27 00:00:00",95364022
"2017-10-28 00:00:00",95384467
"2017-10-29 00:00:00",95404756
"2017-10-30 00:00:00",95424855
"2017-10-31 00:00:00",95445491
"2017-11-01 00:00:00",95465719
"2017-11-02 00:00:00",95486016
"2017-11-03 00:00:00",95506326
"2017-11-04 00:00:00",95526514
"2017-11-05 00:00:00",95547106
"2017-11-06 00:00:00",95567347
"2017-11-07 00:00:00",95587761
"2017-11-08 00:00:00",95608014
"2017-11-09 00:00:00",95628327
"2017-11-10 00:00:00",95648854
"2017-11-11 00:00:00",95669272
"2017-11-12 00:00:00",95689483
"2017-11-13 00:00:00",95709904
"2017-11-14 00:00:00",95729954
"2017-11-15 00:00:00",95750447
"2017-11-16 00:00:00",95770670
"2017-11-17 00:00:00",95791034
"2017-11-18 00:00:00",95811366
"2017-11-19 00:00:00",95831789
"2017-11-20 00:00:00",95852197
"2017-11-21 00:00:00",95872591
"2017-11-22 00:00:00",95893095
"2017-11-23 00:00:00",95913443
"2017-11-24 00:00:00",95933856
"2017-11-25 00:00:00",95954171
"2017-11-26 00:00:00",95974532
"2017-11-27 00:00:00",95994804
"2017-11-28 00:00:00",96015113
"2017-11-29 00:00:00",96035538
"2017-11-30 00:00:00",96055954
"2017-12-01 00:00:00",96076431
"2017-12-02 00:00:00",96096636
"2017-12-03 00:00:00",96116973
"2017-12-04 00:00:00",96137398
"2017-12-05 00:00:00",96158028
"2017-12-06 00:00:00",96178670
"2017-12-07 00:00:00",96199621
"2017-12-08 00:00:00",96220094
"2017-12-09 00:00:00",96240700
"2017-12-10 00:00:00",96261109
"2017-12-11 00:00:00",96281454
"2017-12-12 00:00:00",96302055
"2017-12-13 00:00:00",96322694
"2017-12-14 00:00:00",96343513
"2017-12-15 00:00:00",96364370
"2017-12-16 00:00:00",96384782
"2017-12-17 00:00:00",96405166
"2017-12-18 00:00:00",96425752
"2017-12-19 00:00:00",96446406
"2017-12-20 00:00:00",96467074
"2017-12-21 00:00:00",96487516
"2017-12-22 00:00:00",96508137
"2017-12-23 00:00:00",96528994
"2017-12-24 00:00:00",96549510
"2017-12-25 00:00:00",96569977
"2017-12-26 00:00:00",96590379
"2017-12-27 00:00:00",96610934
"2017-12-28 00:00:00",96631390
"2017-12-29 00:00:00",96651871
"2017-12-30 00:00:00",96672433
"2017-12-31 00:00:00",96692921
"2018-01-01 00:00:00",96713570
"2018-01-02 00:00:00",96734158
"2018-01-03 00:00:00",96754795
"2018-01-04 00:00:00",96775776
"2018-01-05 00:00:00",96796758
"2018-01-06 00:00:00",96817751
"2018-01-07 00:00:00",96838963
"2018-01-08 00:00:00",96859636
"2018-01-09 00:00:00",96880442
"2018-01-10 00:00:00",96901589
"2018-01-11 00:00:00",96922656
"2018-01-12 00:00:00",96943627
"2018-01-13 00:00:00",96964363
"2018-01-14 00:00:00",96985447
"2018-01-15 00:00:00",97005902
"2018-01-16 00:00:00",97026829
"2018-01-17 00:00:00",97047701
"2018-01-18 00:00:00",97068300
"2018-01-19 00:00:00",97088964
"2018-01-20 00:00:00",97109748
"2018-01-21 00:00:00",97130066
"2018-01-22 00:00:00",97150657
"2018-01-23 00:00:00",97171159
"2018-01-24 00:00:00",97191751
"2018-01-25 00:00:00",97212109
"2018-01-26 00:00:00",97232531
"2018-01-27 00:00:00",97252971
"2018-01-28 00:00:00",97273538
"2018-01-29 00:00:00",97294089
"2018-01-30 00:00:00",97314416
"2018-01-31 00:00:00",97334973
"2018-02-01 00:00:00",97355555
"2018-02-02 00:00:00",97376224
"2018-02-03 00:00:00",97396567
"2018-02-04 00:00:00",97416895
"2018-02-05 00:00:00",97437544
"2018-02-06 00:00:00",97457941
"2018-02-07 00:00:00",97478409
"2018-02-08 00:00:00",97498809
"2018-02-09 00:00:00",97518793
"2018-02-10 00:00:00",97539088
"2018-02-11 00:00:00",97558368
"2018-02-12 00:00:00",97578070
"2018-02-13 00:00:00",97597953
"2018-02-14 00:00:00",97617459
"2018-02-15 00:00:00",97637850
"2018-02-16 00:00:00",97658004
"2018-02-17 00:00:00",97678094
"2018-02-18 00:00:00",97698397
"2018-02-19 00:00:00",97718548
"2018-02-20 00:00:00",97738119
"2018-02-21 00:00:00",97758657
"2018-02-22 00:00:00",97778615
"2018-02-23 00:00:00",97799159
"2018-02-24 00:00:00",97819386
"2018-02-25 00:00:00",97839403
"2018-02-26 00:00:00",97859178
"2018-02-27 00:00:00",97878827
"2018-02-28 00:00:00",97898726
"2018-03-01 00:00:00",97918402
"2018-03-02 00:00:00",97938781
"2018-03-03 00:00:00",97958817
"2018-03-04 00:00:00",97978449
"2018-03-05 00:00:00",97998174
"2018-03-06 00:00:00",98018549
"2018-03-07 00:00:00",98038430
"2018-03-08 00:00:00",98058055
"2018-03-09 00:00:00",98078059
"2018-03-10 00:00:00",98098224
"2018-03-11 00:00:00",98118446
"2018-03-12 00:00:00",98138309
"2018-03-13 00:00:00",98157977
"2018-03-14 00:00:00",98178340
"2018-03-15 00:00:00",98197960
"2018-03-16 00:00:00",98218305
"2018-03-17 00:00:00",98238317
"2018-03-18 00:00:00",98258127
"2018-03-19 00:00:00",98277710
"2018-03-20 00:00:00",98297392
"2018-03-21 00:00:00",98317395
"2018-03-22 00:00:00",98337368
"2018-03-23 00:00:00",98357190
"2018-03-24 00:00:00",98377243
"2018-03-25 00:00:00",98396963
"2018-03-26 00:00:00",98417098
"2018-03-27 00:00:00",98437123
"2018-03-28 00:00:00",98457304
"2018-03-29 00:00:00",98477216
"2018-03-30 00:00:00",98497485
"2018-03-31 00:00:00",98517578
"2018-04-01 00:00:00",98537719
"2018-04-02 00:00:00",98557676
"2018-04-03 00:00:00",98577880
"2018-04-04 00:00:00",98598002
"2018-04-05 00:00:00",98618369
"2018-04-06 00:00:00",98638716
"2018-04-07 00:00:00",98658951
"2018-04-08 00:00:00",98679088
"2018-04-09 00:00:00",98698910
"2018-04-10 00:00:00",98719090
"2018-04-11 00:00:00",98738510
"2018-04-12 00:00:00",98758228
"2018-04-13 00:00:00",98778409
"2018-04-14 00:00:00",98798490