"DateTime","Block Utilization [%]"
"2015-07-30 00:00:00",0
"2015-07-31 00:00:00",0
"2015-08-01 00:00:00",0
"2015-08-02 00:00:00",0
"2015-08-03 00:00:00",0
"2015-08-04 00:00:00",0
"2015-08-05 00:00:00",0
"2015-08-06 00:00:00",0
"2015-08-07 00:00:00",7.765643586904477
"2015-08-08 00:00:00",3.443707124952024
"2015-08-09 00:00:00",0.24150327467347651
"2015-08-10 00:00:00",0.4487167335056255
"2015-08-11 00:00:00",0.9856442755744653
"2015-08-12 00:00:00",0.43550625853536534
"2015-08-13 00:00:00",0.5313479179024249
"2015-08-14 00:00:00",0.4315147000680879
"2015-08-15 00:00:00",0.3523012386685996
"2015-08-16 00:00:00",0.36125037210461974
"2015-08-17 00:00:00",0.3602596339458381
"2015-08-18 00:00:00",0.4298449893807055
"2015-08-19 00:00:00",0.5624874710660184
"2015-08-20 00:00:00",0.4992429864823288
"2015-08-21 00:00:00",0.6655227872721359
"2015-08-22 00:00:00",0.5479941319800389
"2015-08-23 00:00:00",0.7480081080262296
"2015-08-24 00:00:00",0.5995871104192088
"2015-08-25 00:00:00",0.7149328217090256
"2015-08-26 00:00:00",0.6331280407571513
"2015-08-27 00:00:00",0.9998753176823133
"2015-08-28 00:00:00",0.7655269630988244
"2015-08-29 00:00:00",0.7287344141489921
"2015-08-30 00:00:00",0.7863408205200558
"2015-08-31 00:00:00",0.9964777541337765
"2015-09-01 00:00:00",1.1331322790412142
"2015-09-02 00:00:00",1.2402005725799117
"2015-09-03 00:00:00",1.1885920581996459
"2015-09-04 00:00:00",1.1976515343183338
"2015-09-05 00:00:00",1.0313423775548622
"2015-09-06 00:00:00",0.9129156801651868
"2015-09-07 00:00:00",1.1257006061718207
"2015-09-08 00:00:00",1.0320240055737564
"2015-09-09 00:00:00",1.0975267228291659
"2015-09-10 00:00:00",0.90049071305134
"2015-09-11 00:00:00",0.9907766166573695
"2015-09-12 00:00:00",1.179976871079794
"2015-09-13 00:00:00",1.1371274396457407
"2015-09-14 00:00:00",1.1262312727553185
"2015-09-15 00:00:00",0.9766769292193466
"2015-09-16 00:00:00",0.9387002957582276
"2015-09-17 00:00:00",0.9739053296541057
"2015-09-18 00:00:00",1.3864561322924245
"2015-09-19 00:00:00",0.9467720759007352
"2015-09-20 00:00:00",1.2387126937977833
"2015-09-21 00:00:00",1.1973596054039681
"2015-09-22 00:00:00",1.3328034232904282
"2015-09-23 00:00:00",1.223141748679579
"2015-09-24 00:00:00",1.1651006896820757
"2015-09-25 00:00:00",1.1091623344377723
"2015-09-26 00:00:00",1.035120287797276
"2015-09-27 00:00:00",1.1054070638672935
"2015-09-28 00:00:00",1.1541875109895916
"2015-09-29 00:00:00",1.0655332056914033
"2015-09-30 00:00:00",1.0794261128364973
"2015-10-01 00:00:00",1.0228254602332716
"2015-10-02 00:00:00",1.0851923026121204
"2015-10-03 00:00:00",1.108083881856235
"2015-10-04 00:00:00",1.144152935464334
"2015-10-05 00:00:00",1.3804135268187636
"2015-10-06 00:00:00",1.2283730759860694
"2015-10-07 00:00:00",1.4470441792869257
"2015-10-08 00:00:00",1.276470093589528
"2015-10-09 00:00:00",1.174236096722311
"2015-10-10 00:00:00",1.1328105685547978
"2015-10-11 00:00:00",0.9694107309726426
"2015-10-12 00:00:00",1.2366450592311256
"2015-10-13 00:00:00",1.3935750667244566
"2015-10-14 00:00:00",1.246917077443019
"2015-10-15 00:00:00",2.2461590416960524
"2015-10-16 00:00:00",2.6128605119108697
"2015-10-17 00:00:00",1.4503233239374613
"2015-10-18 00:00:00",1.6052414259883605
"2015-10-19 00:00:00",1.3872331876993071
"2015-10-20 00:00:00",1.2219359610695086
"2015-10-21 00:00:00",1.1512021735160876
"2015-10-22 00:00:00",1.5653601302797946
"2015-10-23 00:00:00",1.5749245526476243
"2015-10-24 00:00:00",1.3014334291091276
"2015-10-25 00:00:00",1.0624961172653973
"2015-10-26 00:00:00",1.3185727754265477
"2015-10-27 00:00:00",2.2280250462666706
"2015-10-28 00:00:00",1.296804504015581
"2015-10-29 00:00:00",1.491376602246517
"2015-10-30 00:00:00",1.524930052510086
"2015-10-31 00:00:00",1.8411854939344627
"2015-11-01 00:00:00",1.9530159809732004
"2015-11-02 00:00:00",1.2249590774906254
"2015-11-03 00:00:00",1.477789422959432
"2015-11-04 00:00:00",1.1240978239048982
"2015-11-05 00:00:00",1.246246759020634
"2015-11-06 00:00:00",1.9186470530818822
"2015-11-07 00:00:00",3.700937691254332
"2015-11-08 00:00:00",3.5749720279004524
"2015-11-09 00:00:00",1.3425145666201892
"2015-11-10 00:00:00",1.814040628473958
"2015-11-11 00:00:00",2.6213162008637343
"2015-11-12 00:00:00",2.8229976752520574
"2015-11-13 00:00:00",1.7425671796520836
"2015-11-14 00:00:00",2.2369546628226673
"2015-11-15 00:00:00",1.3776880114832402
"2015-11-16 00:00:00",1.151317643531271
"2015-11-17 00:00:00",1.059590148323871
"2015-11-18 00:00:00",1.2232880061188127
"2015-11-19 00:00:00",1.8647428020190169
"2015-11-20 00:00:00",1.4525207239705542
"2015-11-21 00:00:00",1.265253299644587
"2015-11-22 00:00:00",1.2658357956831594
"2015-11-23 00:00:00",1.4619332090111887
"2015-11-24 00:00:00",1.3562419556428507
"2015-11-25 00:00:00",1.5239481137477962
"2015-11-26 00:00:00",1.10882554285739
"2015-11-27 00:00:00",1.0661598789717104
"2015-11-28 00:00:00",1.763390723524894
"2015-11-29 00:00:00",1.0816529174305844
"2015-11-30 00:00:00",2.3703662177198264
"2015-12-01 00:00:00",1.4518638994786803
"2015-12-02 00:00:00",1.384051314594341
"2015-12-03 00:00:00",1.2140709522649182
"2015-12-04 00:00:00",1.428244066101577
"2015-12-05 00:00:00",1.4740506987023791
"2015-12-06 00:00:00",2.08303641942958
"2015-12-07 00:00:00",1.131585040388037
"2015-12-08 00:00:00",1.1065095628399801
"2015-12-09 00:00:00",1.0983710001475262
"2015-12-10 00:00:00",1.269716494494049
"2015-12-11 00:00:00",1.7020610010714974
"2015-12-12 00:00:00",2.2190411417862483
"2015-12-13 00:00:00",1.96366727523471
"2015-12-14 00:00:00",9.011975878545249
"2015-12-15 00:00:00",12.191235509651548
"2015-12-16 00:00:00",5.3589981184235
"2015-12-17 00:00:00",3.812228812820628
"2015-12-18 00:00:00",3.8165186711366608
"2015-12-19 00:00:00",3.410173410461159
"2015-12-20 00:00:00",4.214532057607495
"2015-12-21 00:00:00",4.737745253927496
"2015-12-22 00:00:00",6.956066380073544
"2015-12-23 00:00:00",9.1658670096508
"2015-12-24 00:00:00",5.534110614355397
"2015-12-25 00:00:00",3.1489628676541215
"2015-12-26 00:00:00",3.735792704464455
"2015-12-27 00:00:00",8.266307545212461
"2015-12-28 00:00:00",4.303859873446559
"2015-12-29 00:00:00",3.971931750210561
"2015-12-30 00:00:00",8.55952886218297
"2015-12-31 00:00:00",2.8550980013227942
"2016-01-01 00:00:00",1.9044007558036238
"2016-01-02 00:00:00",2.2999485622029034
"2016-01-03 00:00:00",2.29004013486926
"2016-01-04 00:00:00",2.5147062850259085
"2016-01-05 00:00:00",6.711916883257387
"2016-01-06 00:00:00",7.801842980286402
"2016-01-07 00:00:00",7.858908913539562
"2016-01-08 00:00:00",2.977388000428242
"2016-01-09 00:00:00",4.543299884487906
"2016-01-10 00:00:00",3.0712905509845787
"2016-01-11 00:00:00",3.0060711325628153
"2016-01-12 00:00:00",3.0470023817032494
"2016-01-13 00:00:00",6.50551071468005
"2016-01-14 00:00:00",3.063954946560009
"2016-01-15 00:00:00",2.566700782725671
"2016-01-16 00:00:00",2.640436377746874
"2016-01-17 00:00:00",2.04453240219942
"2016-01-18 00:00:00",3.71365377420476
"2016-01-19 00:00:00",4.342763665699012
"2016-01-20 00:00:00",2.198930800552553
"2016-01-21 00:00:00",2.195190027950725
"2016-01-22 00:00:00",3.624753603760334
"2016-01-23 00:00:00",2.0827327851868453
"2016-01-24 00:00:00",2.6101022353925214
"2016-01-25 00:00:00",4.739400970559551
"2016-01-26 00:00:00",4.160229367416507
"2016-01-27 00:00:00",6.311611363477615
"2016-01-28 00:00:00",4.767993338131825
"2016-01-29 00:00:00",4.231271468114536
"2016-01-30 00:00:00",3.470719694098612
"2016-01-31 00:00:00",3.452487860824138
"2016-02-01 00:00:00",2.970306447298042
"2016-02-02 00:00:00",2.979792301593797
"2016-02-03 00:00:00",2.779695312083254
"2016-02-04 00:00:00",3.085053239410884
"2016-02-05 00:00:00",3.3559588371390925
"2016-02-06 00:00:00",9.67559974708596
"2016-02-07 00:00:00",2.8538698412674712
"2016-02-08 00:00:00",2.8199683674482614
"2016-02-09 00:00:00",2.893128468742473
"2016-02-10 00:00:00",3.1453110079997884
"2016-02-11 00:00:00",4.325810684781461
"2016-02-12 00:00:00",3.4207286692015
"2016-02-13 00:00:00",3.9642506861380644
"2016-02-14 00:00:00",3.2822993161601417
"2016-02-15 00:00:00",3.4919957599968043
"2016-02-16 00:00:00",3.7339725796988223
"2016-02-17 00:00:00",4.74806960789079
"2016-02-18 00:00:00",3.4274854119831537
"2016-02-19 00:00:00",4.151381585861851
"2016-02-20 00:00:00",3.1476560766506436
"2016-02-21 00:00:00",3.19831398370212
"2016-02-22 00:00:00",3.458165836963767
"2016-02-23 00:00:00",9.945376184810117
"2016-02-24 00:00:00",5.65147874106159
"2016-02-25 00:00:00",3.527537423971481
"2016-02-26 00:00:00",6.054855183412897
"2016-02-27 00:00:00",3.3984070536920647
"2016-02-28 00:00:00",3.3168168598709244
"2016-02-29 00:00:00",3.8508331461830316
"2016-03-01 00:00:00",3.7098162530485084
"2016-03-02 00:00:00",3.8175137599637403
"2016-03-03 00:00:00",4.108511242699439
"2016-03-04 00:00:00",2.918170819411658
"2016-03-05 00:00:00",3.4018845737412695
"2016-03-06 00:00:00",3.8039433957973428
"2016-03-07 00:00:00",3.4810641036707817
"2016-03-08 00:00:00",3.0658904766555928
"2016-03-09 00:00:00",3.072322338431059
"2016-03-10 00:00:00",2.8135520255078412
"2016-03-11 00:00:00",2.7102702274920674
"2016-03-12 00:00:00",3.391513954982604
"2016-03-13 00:00:00",3.4306579525649683
"2016-03-14 00:00:00",3.9726534221507555
"2016-03-15 00:00:00",3.205161724908308
"2016-03-16 00:00:00",3.1431721272795214
"2016-03-17 00:00:00",3.588027050822275
"2016-03-18 00:00:00",3.3614596621852084
"2016-03-19 00:00:00",4.396794826638085
"2016-03-20 00:00:00",4.074071167647295
"2016-03-21 00:00:00",3.929549154925483
"2016-03-22 00:00:00",3.920925652227429
"2016-03-23 00:00:00",4.353480365462419
"2016-03-24 00:00:00",5.655962215177568
"2016-03-25 00:00:00",4.58973587447795
"2016-03-26 00:00:00",4.638356335024677
"2016-03-27 00:00:00",2.8978297969520552
"2016-03-28 00:00:00",4.190444390293609
"2016-03-29 00:00:00",3.460013681793436
"2016-03-30 00:00:00",4.641618417494099
"2016-03-31 00:00:00",3.8183335978840374
"2016-04-01 00:00:00",3.7917661727902074
"2016-04-02 00:00:00",2.8258242328276117
"2016-04-03 00:00:00",2.819998320281693
"2016-04-04 00:00:00",3.897991987867469
"2016-04-05 00:00:00",4.511575025119053
"2016-04-06 00:00:00",3.345646319553201
"2016-04-07 00:00:00",3.413076912909555
"2016-04-08 00:00:00",3.8982587207299595
"2016-04-09 00:00:00",3.15808789232727
"2016-04-10 00:00:00",2.9515891061358563
"2016-04-11 00:00:00",2.8936452386049245
"2016-04-12 00:00:00",3.619393196509184
"2016-04-13 00:00:00",4.403868381146629
"2016-04-14 00:00:00",3.9527534574054473
"2016-04-15 00:00:00",3.7002864584119246
"2016-04-16 00:00:00",2.6660606044136133
"2016-04-17 00:00:00",4.239065479514258
"2016-04-18 00:00:00",3.178808827154011
"2016-04-19 00:00:00",3.0360316847935853
"2016-04-20 00:00:00",3.7759739941336496
"2016-04-21 00:00:00",4.426709762917831
"2016-04-22 00:00:00",3.2377027342458624
"2016-04-23 00:00:00",3.0205612235436434
"2016-04-24 00:00:00",3.6028983974091497
"2016-04-25 00:00:00",3.7487900317527054
"2016-04-26 00:00:00",3.349603971498392
"2016-04-27 00:00:00",3.21753539892855
"2016-04-28 00:00:00",3.5622953712032364
"2016-04-29 00:00:00",3.7422051130418486
"2016-04-30 00:00:00",4.845497197343778
"2016-05-01 00:00:00",5.398763280663117
"2016-05-02 00:00:00",4.1091136942674185
"2016-05-03 00:00:00",4.018516660677071
"2016-05-04 00:00:00",4.2639972319573545
"2016-05-05 00:00:00",4.775340161487331
"2016-05-06 00:00:00",5.64453201316316
"2016-05-07 00:00:00",3.599260096692201
"2016-05-08 00:00:00",4.424810653213533
"2016-05-09 00:00:00",4.141528501017043
"2016-05-10 00:00:00",4.274027522006454
"2016-05-11 00:00:00",5.016033591038186
"2016-05-12 00:00:00",5.681436909282284
"2016-05-13 00:00:00",5.795948360665563
"2016-05-14 00:00:00",5.477188310944248
"2016-05-15 00:00:00",5.054838748094644
"2016-05-16 00:00:00",4.464981843838304
"2016-05-17 00:00:00",4.488182393275307
"2016-05-18 00:00:00",5.326748231133666
"2016-05-19 00:00:00",5.12749688107487
"2016-05-20 00:00:00",5.82835893906939
"2016-05-21 00:00:00",5.730735526437529
"2016-05-22 00:00:00",4.435287753210404
"2016-05-23 00:00:00",4.67908136914865
"2016-05-24 00:00:00",4.455849185805699
"2016-05-25 00:00:00",5.162907234100787
"2016-05-26 00:00:00",5.704474817915503
"2016-05-27 00:00:00",5.8308245883750285
"2016-05-28 00:00:00",10.439919361654711
"2016-05-29 00:00:00",5.7560755468691145
"2016-05-30 00:00:00",4.974153310176461
"2016-05-31 00:00:00",5.0324261674873085
"2016-06-01 00:00:00",5.0102618415026745
"2016-06-02 00:00:00",4.040336488692873
"2016-06-03 00:00:00",3.9995538156381762
"2016-06-04 00:00:00",3.9080256895800454
"2016-06-05 00:00:00",3.8312888193218297
"2016-06-06 00:00:00",3.9639261235544634
"2016-06-07 00:00:00",10.075962404769665
"2016-06-08 00:00:00",4.401828983759292
"2016-06-09 00:00:00",4.509909588492179
"2016-06-10 00:00:00",4.682637479476889
"2016-06-11 00:00:00",4.33403965613882
"2016-06-12 00:00:00",4.553488650273022
"2016-06-13 00:00:00",5.866692472853729
"2016-06-14 00:00:00",6.156200977978623
"2016-06-15 00:00:00",4.899259411679879
"2016-06-16 00:00:00",6.401452730038549
"2016-06-17 00:00:00",34.9586719343809
"2016-06-18 00:00:00",47.01121154915921
"2016-06-19 00:00:00",8.653897878609818
"2016-06-20 00:00:00",8.670808346321751
"2016-06-21 00:00:00",10.090725068186805
"2016-06-22 00:00:00",7.970476529780448
"2016-06-23 00:00:00",5.1888130624262825
"2016-06-24 00:00:00",6.449645038272905
"2016-06-25 00:00:00",4.605708732387397
"2016-06-26 00:00:00",5.08664060262003
"2016-06-27 00:00:00",6.7271548795721
"2016-06-28 00:00:00",7.358347823931585
"2016-06-29 00:00:00",9.038681463589652
"2016-06-30 00:00:00",14.342660333023012
"2016-07-01 00:00:00",7.476069594301374
"2016-07-02 00:00:00",3.9694384637559708
"2016-07-03 00:00:00",5.011279997999357
"2016-07-04 00:00:00",4.282926869651948
"2016-07-05 00:00:00",4.883358361181577
"2016-07-06 00:00:00",4.82058990257308
"2016-07-07 00:00:00",4.28642210211629
"2016-07-08 00:00:00",6.520554375982311
"2016-07-09 00:00:00",8.090446695403978
"2016-07-10 00:00:00",4.503958268925064
"2016-07-11 00:00:00",4.580367838410281
"2016-07-12 00:00:00",5.371603836287477
"2016-07-13 00:00:00",4.011221734552922
"2016-07-14 00:00:00",5.26025485635329
"2016-07-15 00:00:00",4.814260107940342
"2016-07-16 00:00:00",3.817801033852948
"2016-07-17 00:00:00",3.1509386142033673
"2016-07-18 00:00:00",4.112738321892108
"2016-07-19 00:00:00",4.846690825192733
"2016-07-20 00:00:00",12.884713543226626
"2016-07-21 00:00:00",5.423808717788559
"2016-07-22 00:00:00",6.190637371674287
"2016-07-23 00:00:00",5.18130439866026
"2016-07-24 00:00:00",5.805500044666431
"2016-07-25 00:00:00",6.177782576586668
"2016-07-26 00:00:00",7.214710900897439
"2016-07-27 00:00:00",5.896208408459202
"2016-07-28 00:00:00",7.33942942735272
"2016-07-29 00:00:00",7.152090039664394
"2016-07-30 00:00:00",4.862676193923164
"2016-07-31 00:00:00",4.759308496826962
"2016-08-01 00:00:00",4.849404784290301
"2016-08-02 00:00:00",5.4556132368919386
"2016-08-03 00:00:00",5.259662308536243
"2016-08-04 00:00:00",5.028377221135189
"2016-08-05 00:00:00",4.564984368991373
"2016-08-06 00:00:00",4.182190003515621
"2016-08-07 00:00:00",4.411652866614083
"2016-08-08 00:00:00",8.991126675515847
"2016-08-09 00:00:00",4.849411428425348
"2016-08-10 00:00:00",5.1613802465738665
"2016-08-11 00:00:00",4.997545254795924
"2016-08-12 00:00:00",4.683731168935324
"2016-08-13 00:00:00",4.012872244250278
"2016-08-14 00:00:00",3.859561773256449
"2016-08-15 00:00:00",4.277170875645913
"2016-08-16 00:00:00",4.973166776976955
"2016-08-17 00:00:00",4.574815126694732
"2016-08-18 00:00:00",5.742620821422443
"2016-08-19 00:00:00",4.668614847441129
"2016-08-20 00:00:00",4.258238747071907
"2016-08-21 00:00:00",4.466392299505899
"2016-08-22 00:00:00",4.747102890025303
"2016-08-23 00:00:00",12.139455114531438
"2016-08-24 00:00:00",4.791158598760853
"2016-08-25 00:00:00",5.2392985446427165
"2016-08-26 00:00:00",5.113829529892189
"2016-08-27 00:00:00",4.533939556443048
"2016-08-28 00:00:00",4.073580987582654
"2016-08-29 00:00:00",4.661671481655277
"2016-08-30 00:00:00",5.195654247318194
"2016-08-31 00:00:00",4.744832596496571
"2016-09-01 00:00:00",5.088068744421664
"2016-09-02 00:00:00",7.316104791690286
"2016-09-03 00:00:00",4.396938330035145
"2016-09-04 00:00:00",7.642747367030248
"2016-09-05 00:00:00",4.554674279063233
"2016-09-06 00:00:00",5.410278860957993
"2016-09-07 00:00:00",5.458087401687599
"2016-09-08 00:00:00",6.580485884931894
"2016-09-09 00:00:00",6.692388344198918
"2016-09-10 00:00:00",4.310731852614321
"2016-09-11 00:00:00",4.263996544879058
"2016-09-12 00:00:00",5.415509143922561
"2016-09-13 00:00:00",4.8526822321501815
"2016-09-14 00:00:00",5.867609354846219
"2016-09-15 00:00:00",5.8405908340056385
"2016-09-16 00:00:00",7.68345891151621
"2016-09-17 00:00:00",5.572643553808027
"2016-09-18 00:00:00",4.9103187664666015
"2016-09-19 00:00:00",4.089543754417878
"2016-09-20 00:00:00",5.10841572295281
"2016-09-21 00:00:00",4.897987536762817
"2016-09-22 00:00:00",11.345221358179241
"2016-09-23 00:00:00",21.74490446448898
"2016-09-24 00:00:00",33.46360072301493
"2016-09-25 00:00:00",18.605790591803252
"2016-09-26 00:00:00",29.018117869889892
"2016-09-27 00:00:00",29.00456287325363
"2016-09-28 00:00:00",23.75861360526781
"2016-09-29 00:00:00",15.198443212018951
"2016-09-30 00:00:00",14.127358738794863
"2016-10-01 00:00:00",45.976811429854216
"2016-10-02 00:00:00",41.14946642563945
"2016-10-03 00:00:00",29.22108962678269
"2016-10-04 00:00:00",35.64792638993919
"2016-10-05 00:00:00",32.90505660277904
"2016-10-06 00:00:00",25.917951677682453
"2016-10-07 00:00:00",27.520150006708853
"2016-10-08 00:00:00",27.63733704370847
"2016-10-09 00:00:00",29.94981776092183
"2016-10-10 00:00:00",27.316387535368424
"2016-10-11 00:00:00",17.2924752520854
"2016-10-12 00:00:00",17.22274964162398
"2016-10-13 00:00:00",15.502055032646325
"2016-10-14 00:00:00",20.701251441093323
"2016-10-15 00:00:00",34.48801022285471
"2016-10-16 00:00:00",32.700182454836884
"2016-10-17 00:00:00",36.183294070034314
"2016-10-18 00:00:00",39.12167083041484
"2016-10-19 00:00:00",25.014505416628637
"2016-10-20 00:00:00",21.66616577096634
"2016-10-21 00:00:00",21.505777454973735
"2016-10-22 00:00:00",13.116678852105089
"2016-10-23 00:00:00",8.384458334120572
"2016-10-24 00:00:00",14.453177049761457
"2016-10-25 00:00:00",13.241314660143582
"2016-10-26 00:00:00",10.839648088656608
"2016-10-27 00:00:00",10.713984683377115
"2016-10-28 00:00:00",10.789007668343817
"2016-10-29 00:00:00",9.74235820808722
"2016-10-30 00:00:00",9.488828892463744
"2016-10-31 00:00:00",10.995690431676323
"2016-11-01 00:00:00",12.627022699259687
"2016-11-02 00:00:00",10.057432535477014
"2016-11-03 00:00:00",9.889466249065187
"2016-11-04 00:00:00",7.710790924034905
"2016-11-05 00:00:00",8.431444740159614
"2016-11-06 00:00:00",7.952758272505118
"2016-11-07 00:00:00",9.157904812093069
"2016-11-08 00:00:00",10.462194941314074
"2016-11-09 00:00:00",11.79722569084137
"2016-11-10 00:00:00",11.283302973863055
"2016-11-11 00:00:00",10.942527322276428
"2016-11-12 00:00:00",9.650508682560988
"2016-11-13 00:00:00",10.49066576784383
"2016-11-14 00:00:00",11.998166421289229
"2016-11-15 00:00:00",11.833874064611477
"2016-11-16 00:00:00",10.824576813394867
"2016-11-17 00:00:00",10.182462271954288
"2016-11-18 00:00:00",10.677638226848558
"2016-11-19 00:00:00",8.988533656678069
"2016-11-20 00:00:00",10.240625028222325
"2016-11-21 00:00:00",11.133088072877623
"2016-11-22 00:00:00",13.263335298587752
"2016-11-23 00:00:00",27.093567126116486
"2016-11-24 00:00:00",11.687360462553855
"2016-11-25 00:00:00",16.829240345003385
"2016-11-26 00:00:00",14.979547685230509
"2016-11-27 00:00:00",23.080325564539027
"2016-11-28 00:00:00",23.58024759037148
"2016-11-29 00:00:00",19.83714234388799
"2016-11-30 00:00:00",7.258184491249872
"2016-12-01 00:00:00",5.9216420167560075
"2016-12-02 00:00:00",6.418306888310762
"2016-12-03 00:00:00",6.555445463664545
"2016-12-04 00:00:00",6.834062173011029
"2016-12-05 00:00:00",6.4140181210160785
"2016-12-06 00:00:00",6.085685393855753
"2016-12-07 00:00:00",5.7803699386984215
"2016-12-08 00:00:00",5.04953928457372
"2016-12-09 00:00:00",5.49974110750111
"2016-12-10 00:00:00",5.392986745141984
"2016-12-11 00:00:00",7.446554159226379
"2016-12-12 00:00:00",5.35446495703633
"2016-12-13 00:00:00",5.46083823759199
"2016-12-14 00:00:00",7.534780453986091
"2016-12-15 00:00:00",7.766100142325936
"2016-12-16 00:00:00",5.741785056394824
"2016-12-17 00:00:00",6.177884223280574
"2016-12-18 00:00:00",5.775597535767734
"2016-12-19 00:00:00",6.459645584482957
"2016-12-20 00:00:00",6.280476942018251
"2016-12-21 00:00:00",7.387140961701187
"2016-12-22 00:00:00",7.46519784892046
"2016-12-23 00:00:00",5.61672580860555
"2016-12-24 00:00:00",4.964599115867021
"2016-12-25 00:00:00",4.256766771878999
"2016-12-26 00:00:00",4.123962456927051
"2016-12-27 00:00:00",5.965780371219331
"2016-12-28 00:00:00",5.593825660681254
"2016-12-29 00:00:00",6.705689778926166
"2016-12-30 00:00:00",6.415859757398073
"2016-12-31 00:00:00",5.761373457780922
"2017-01-01 00:00:00",4.71164859707697
"2017-01-02 00:00:00",5.10077497093985
"2017-01-03 00:00:00",7.139301694477251
"2017-01-04 00:00:00",7.0071460552773805
"2017-01-05 00:00:00",6.305539943188981
"2017-01-06 00:00:00",5.924944619104057
"2017-01-07 00:00:00",5.7514441524906
"2017-01-08 00:00:00",5.973036639386141
"2017-01-09 00:00:00",6.392571112727898
"2017-01-10 00:00:00",6.901797088666666
"2017-01-11 00:00:00",6.306247263298638
"2017-01-12 00:00:00",6.895335252318079
"2017-01-13 00:00:00",6.939826915862721
"2017-01-14 00:00:00",5.505854996827836
"2017-01-15 00:00:00",5.486746161793989
"2017-01-16 00:00:00",5.968228392633842
"2017-01-17 00:00:00",7.246938657170272
"2017-01-18 00:00:00",6.2329238527409005
"2017-01-19 00:00:00",5.758753398877416
"2017-01-20 00:00:00",6.4877217357672645
"2017-01-21 00:00:00",5.731899235068022
"2017-01-22 00:00:00",6.762240452100315
"2017-01-23 00:00:00",6.6737661244573605
"2017-01-24 00:00:00",7.801620554357087
"2017-01-25 00:00:00",6.9735202662295
"2017-01-26 00:00:00",6.807793439232306
"2017-01-27 00:00:00",6.523347754464106
"2017-01-28 00:00:00",6.364121193290625
"2017-01-29 00:00:00",5.764423937066528
"2017-01-30 00:00:00",6.245411939869537
"2017-01-31 00:00:00",5.837112142347975
"2017-02-01 00:00:00",7.1793992582236585
"2017-02-02 00:00:00",6.460063805677533
"2017-02-03 00:00:00",6.333704388121953
"2017-02-04 00:00:00",5.982773020738401
"2017-02-05 00:00:00",6.4417869761000865
"2017-02-06 00:00:00",6.597620208450845
"2017-02-07 00:00:00",8.253201377264464
"2017-02-08 00:00:00",7.5351323491353535
"2017-02-09 00:00:00",7.16339428784663
"2017-02-10 00:00:00",8.410451462147046
"2017-02-11 00:00:00",7.345497914877176
"2017-02-12 00:00:00",7.22743359866382
"2017-02-13 00:00:00",9.627288156122846
"2017-02-14 00:00:00",9.095765039178172
"2017-02-15 00:00:00",9.624343165037386
"2017-02-16 00:00:00",7.192132453225509
"2017-02-17 00:00:00",7.189377761574672
"2017-02-18 00:00:00",7.771133809669305
"2017-02-19 00:00:00",6.686523241941365
"2017-02-20 00:00:00",7.486901501714892
"2017-02-21 00:00:00",9.80516290161381
"2017-02-22 00:00:00",9.059482567706954
"2017-02-23 00:00:00",7.606462965143294
"2017-02-24 00:00:00",7.510706061675971
"2017-02-25 00:00:00",8.333324469798312
"2017-02-26 00:00:00",6.976920922087972
"2017-02-27 00:00:00",8.021643480761636
"2017-02-28 00:00:00",8.702041205484122
"2017-03-01 00:00:00",9.190735954217939
"2017-03-02 00:00:00",9.435572112071728
"2017-03-03 00:00:00",8.528281407520481
"2017-03-04 00:00:00",7.83385187577772
"2017-03-05 00:00:00",7.766364110134363
"2017-03-06 00:00:00",7.608664431817218
"2017-03-07 00:00:00",8.196324352013358
"2017-03-08 00:00:00",7.2559978016706745
"2017-03-09 00:00:00",9.222370780735316
"2017-03-10 00:00:00",9.513562439064104
"2017-03-11 00:00:00",8.809379911692215
"2017-03-12 00:00:00",8.905819174591636
"2017-03-13 00:00:00",13.325619577925018
"2017-03-14 00:00:00",13.019569317552529
"2017-03-15 00:00:00",11.375176085814603
"2017-03-16 00:00:00",15.2081497763703
"2017-03-17 00:00:00",13.782762733324509
"2017-03-18 00:00:00",11.062409335376554
"2017-03-19 00:00:00",10.506281572281788
"2017-03-20 00:00:00",10.23013641577981
"2017-03-21 00:00:00",11.192868111204387
"2017-03-22 00:00:00",10.527771427890379
"2017-03-23 00:00:00",10.991779845838968
"2017-03-24 00:00:00",11.212374716793237
"2017-03-25 00:00:00",10.23323859773795
"2017-03-26 00:00:00",10.742690087790656
"2017-03-27 00:00:00",14.557933030686671
"2017-03-28 00:00:00",11.761509367938844
"2017-03-29 00:00:00",12.365237238679846
"2017-03-30 00:00:00",12.682185440123044
"2017-03-31 00:00:00",13.74814755716177
"2017-04-01 00:00:00",10.272848591661953
"2017-04-02 00:00:00",12.088056042782341
"2017-04-03 00:00:00",13.222219848118948
"2017-04-04 00:00:00",11.57796992080973
"2017-04-05 00:00:00",11.958015018346641
"2017-04-06 00:00:00",13.066492688427243
"2017-04-07 00:00:00",13.106353092508533
"2017-04-08 00:00:00",9.515491019711504
"2017-04-09 00:00:00",10.992671109520852
"2017-04-10 00:00:00",11.626400017599487
"2017-04-11 00:00:00",11.292199660535992
"2017-04-12 00:00:00",13.581468543946482
"2017-04-13 00:00:00",11.791536184444064
"2017-04-14 00:00:00",11.897514410912436
"2017-04-15 00:00:00",11.113981063306726
"2017-04-16 00:00:00",10.593161863813691
"2017-04-17 00:00:00",11.57696341815518
"2017-04-18 00:00:00",13.322156408914045
"2017-04-19 00:00:00",14.820606654386964
"2017-04-20 00:00:00",14.184090223228832
"2017-04-21 00:00:00",15.345512323691143
"2017-04-22 00:00:00",12.65272907882649
"2017-04-23 00:00:00",12.147173594151246
"2017-04-24 00:00:00",12.903061298643216
"2017-04-25 00:00:00",14.21680409412806
"2017-04-26 00:00:00",14.024641418187915
"2017-04-27 00:00:00",15.966356240589146
"2017-04-28 00:00:00",14.756289729720272
"2017-04-29 00:00:00",12.735402930380205
"2017-04-30 00:00:00",13.918328002403545
"2017-05-01 00:00:00",18.270485880270346
"2017-05-02 00:00:00",19.241127997967936
"2017-05-03 00:00:00",14.310679170580189
"2017-05-04 00:00:00",17.12949660411731
"2017-05-05 00:00:00",15.227300689042298
"2017-05-06 00:00:00",16.00432658782728
"2017-05-07 00:00:00",17.838093456122714
"2017-05-08 00:00:00",18.037410538788862
"2017-05-09 00:00:00",20.272218884801678
"2017-05-10 00:00:00",20.48660704451724
"2017-05-11 00:00:00",20.558759085593234
"2017-05-12 00:00:00",21.52560336928804
"2017-05-13 00:00:00",21.10148588478194
"2017-05-14 00:00:00",22.210277883151477
"2017-05-15 00:00:00",27.122197686388944
"2017-05-16 00:00:00",27.12211784326905
"2017-05-17 00:00:00",33.63450174513548
"2017-05-18 00:00:00",30.587772513015743
"2017-05-19 00:00:00",35.90815234558494
"2017-05-20 00:00:00",30.60463828111358
"2017-05-21 00:00:00",32.47781109798592
"2017-05-22 00:00:00",35.06965330617403
"2017-05-23 00:00:00",46.18309127410288
"2017-05-24 00:00:00",48.36110922251882
"2017-05-25 00:00:00",42.321360821850305
"2017-05-26 00:00:00",39.93169377493689
"2017-05-27 00:00:00",35.06625391177725
"2017-05-28 00:00:00",37.52782983678693
"2017-05-29 00:00:00",35.36197923993856
"2017-05-30 00:00:00",49.752564431490605
"2017-05-31 00:00:00",54.93391495991621
"2017-06-01 00:00:00",46.54462781180359
"2017-06-02 00:00:00",54.7477030650752
"2017-06-03 00:00:00",41.8360258441665
"2017-06-04 00:00:00",43.8777045240097
"2017-06-05 00:00:00",39.604633203419404
"2017-06-06 00:00:00",44.89329750390696
"2017-06-07 00:00:00",46.94967598904911
"2017-06-08 00:00:00",41.93295657375212
"2017-06-09 00:00:00",45.1394813120135
"2017-06-10 00:00:00",39.313558230261656
"2017-06-11 00:00:00",51.36529430946242
"2017-06-12 00:00:00",61.493973380053745
"2017-06-13 00:00:00",49.72729431165997
"2017-06-14 00:00:00",46.01892465445976
"2017-06-15 00:00:00",47.52749030509739
"2017-06-16 00:00:00",47.5455706799251
"2017-06-17 00:00:00",46.17492891309467
"2017-06-18 00:00:00",49.444289650434
"2017-06-19 00:00:00",55.14596298860398
"2017-06-20 00:00:00",69.79083074444026
"2017-06-21 00:00:00",70.20508605490716
"2017-06-22 00:00:00",72.55954936620567
"2017-06-23 00:00:00",55.63428520321919
"2017-06-24 00:00:00",58.534405954639816
"2017-06-25 00:00:00",53.47975270415963
"2017-06-26 00:00:00",57.922348345522806
"2017-06-27 00:00:00",49.565697982091336
"2017-06-28 00:00:00",65.12674399320484
"2017-06-29 00:00:00",52.70799662470308
"2017-06-30 00:00:00",40.892244621002966
"2017-07-01 00:00:00",37.285609022843516
"2017-07-02 00:00:00",38.52175835664353
"2017-07-03 00:00:00",47.743541422297206
"2017-07-04 00:00:00",44.45647355092181
"2017-07-05 00:00:00",44.480143644015634
"2017-07-06 00:00:00",38.947707657494526
"2017-07-07 00:00:00",40.70425540275043
"2017-07-08 00:00:00",37.680504999489486
"2017-07-09 00:00:00",30.615504176470225
"2017-07-10 00:00:00",43.43909131828473
"2017-07-11 00:00:00",46.446040871455594
"2017-07-12 00:00:00",46.983081777188374
"2017-07-13 00:00:00",49.481731047709914
"2017-07-14 00:00:00",42.11688858804254
"2017-07-15 00:00:00",34.46285993548814
"2017-07-16 00:00:00",36.66789141942341
"2017-07-17 00:00:00",39.995205143354475
"2017-07-18 00:00:00",46.208198406832025
"2017-07-19 00:00:00",38.93403593638856
"2017-07-20 00:00:00",37.47720264791144
"2017-07-21 00:00:00",34.23643599036092
"2017-07-22 00:00:00",30.505176447255028
"2017-07-23 00:00:00",37.2772697649393
"2017-07-24 00:00:00",44.21563425903872
"2017-07-25 00:00:00",39.33287033540132
"2017-07-26 00:00:00",34.68521568084065
"2017-07-27 00:00:00",32.50856859223683
"2017-07-28 00:00:00",38.27597472323569
"2017-07-29 00:00:00",30.3804031105492
"2017-07-30 00:00:00",37.450814661927396
"2017-07-31 00:00:00",41.46941806366166
"2017-08-01 00:00:00",46.31101260890041
"2017-08-02 00:00:00",42.44005447257927
"2017-08-03 00:00:00",46.06601252337207
"2017-08-04 00:00:00",47.679192393010496
"2017-08-05 00:00:00",47.72996127159488
"2017-08-06 00:00:00",46.374410085684424
"2017-08-07 00:00:00",50.2883577325877
"2017-08-08 00:00:00",56.31591841117424
"2017-08-09 00:00:00",51.18636132718042
"2017-08-10 00:00:00",55.462429833799234
"2017-08-11 00:00:00",61.54719340435511
"2017-08-12 00:00:00",61.02389532180596
"2017-08-13 00:00:00",59.15404969313683
"2017-08-14 00:00:00",69.92236137148038
"2017-08-15 00:00:00",80.73283662508024
"2017-08-16 00:00:00",83.03581331214599
"2017-08-17 00:00:00",79.30613078703679
"2017-08-18 00:00:00",78.16761276094687
"2017-08-19 00:00:00",68.0146263382697
"2017-08-20 00:00:00",57.00695330296523
"2017-08-21 00:00:00",61.2561678070874
"2017-08-22 00:00:00",61.21635861799823
"2017-08-23 00:00:00",60.84137620192204
"2017-08-24 00:00:00",55.57219518634322
"2017-08-25 00:00:00",59.14570266156097
"2017-08-26 00:00:00",59.66755787424264
"2017-08-27 00:00:00",63.58267109576609
"2017-08-28 00:00:00",71.24891752402111
"2017-08-29 00:00:00",84.7596833349202
"2017-08-30 00:00:00",77.30506679940815
"2017-08-31 00:00:00",81.56420980502888
"2017-09-01 00:00:00",80.482807473123
"2017-09-02 00:00:00",67.07190339510635
"2017-09-03 00:00:00",59.31858569493252
"2017-09-04 00:00:00",78.80937253593451
"2017-09-05 00:00:00",86.09884302571234
"2017-09-06 00:00:00",92.64182028395457
"2017-09-07 00:00:00",91.77871116466184
"2017-09-08 00:00:00",87.31784072852099
"2017-09-09 00:00:00",75.23308944555984
"2017-09-10 00:00:00",66.12323489730272
"2017-09-11 00:00:00",73.90237849637474
"2017-09-12 00:00:00",78.74406202957123
"2017-09-13 00:00:00",76.02403553374805
"2017-09-14 00:00:00",75.85398658485535
"2017-09-15 00:00:00",85.09483240458343
"2017-09-16 00:00:00",84.22405192289052
"2017-09-17 00:00:00",67.52452096362379
"2017-09-18 00:00:00",75.6004467792578
"2017-09-19 00:00:00",74.02270473821552
"2017-09-20 00:00:00",79.41667407619254
"2017-09-21 00:00:00",71.70709547873281
"2017-09-22 00:00:00",74.3622159663245
"2017-09-23 00:00:00",73.08201720082685
"2017-09-24 00:00:00",76.28571814029767
"2017-09-25 00:00:00",81.06553636319198
"2017-09-26 00:00:00",88.91380841592682
"2017-09-27 00:00:00",82.7124665438447
"2017-09-28 00:00:00",83.26366507056268
"2017-09-29 00:00:00",83.71304348558817
"2017-09-30 00:00:00",82.5217567953733
"2017-10-01 00:00:00",79.63596955001897
"2017-10-02 00:00:00",81.05248880326107
"2017-10-03 00:00:00",85.84125944340649
"2017-10-04 00:00:00",85.07604222664352
"2017-10-05 00:00:00",79.72256624956154
"2017-10-06 00:00:00",84.8884996092425
"2017-10-07 00:00:00",78.03262402641687
"2017-10-08 00:00:00",81.15486176874025
"2017-10-09 00:00:00",85.69458520341419
"2017-10-10 00:00:00",82.66609757318429
"2017-10-11 00:00:00",82.34535060766771
"2017-10-12 00:00:00",86.65833209845424
"2017-10-13 00:00:00",86.60569747654549
"2017-10-14 00:00:00",86.61574624914155
"2017-10-15 00:00:00",85.75133915681577
"2017-10-16 00:00:00",71.68520142900684
"2017-10-17 00:00:00",57.17466114946586
"2017-10-18 00:00:00",51.44260353026632
"2017-10-19 00:00:00",57.26900243058764
"2017-10-20 00:00:00",63.482924320075284
"2017-10-21 00:00:00",43.20181328215908
"2017-10-22 00:00:00",41.43816210393065
"2017-10-23 00:00:00",52.67371333681803
"2017-10-24 00:00:00",63.30816718853271
"2017-10-25 00:00:00",63.432090952803385
"2017-10-26 00:00:00",62.38277077699385
"2017-10-27 00:00:00",63.26843868562704
"2017-10-28 00:00:00",57.83154429584372
"2017-10-29 00:00:00",59.46646383889329
"2017-10-30 00:00:00",65.25846676165608
"2017-10-31 00:00:00",70.0524032418621
"2017-11-01 00:00:00",71.3148571538359
"2017-11-02 00:00:00",72.02293016676677
"2017-11-03 00:00:00",65.90334436345455
"2017-11-04 00:00:00",51.388476422552344
"2017-11-05 00:00:00",44.40087081736491
"2017-11-06 00:00:00",50.83639783022524
"2017-11-07 00:00:00",54.84741499982167
"2017-11-08 00:00:00",56.01217286102999
"2017-11-09 00:00:00",60.07014292128189
"2017-11-10 00:00:00",56.049810388979445
"2017-11-11 00:00:00",53.898124198602495
"2017-11-12 00:00:00",54.68920436170835
"2017-11-13 00:00:00",58.69053858539292
"2017-11-14 00:00:00",63.127173899762695
"2017-11-15 00:00:00",65.19184278534226
"2017-11-16 00:00:00",61.68610818568071
"2017-11-17 00:00:00",63.96394952035482
"2017-11-18 00:00:00",58.78653559863156
"2017-11-19 00:00:00",56.98886497276701
"2017-11-20 00:00:00",62.78688967481716
"2017-11-21 00:00:00",62.49170112076079
"2017-11-22 00:00:00",62.06769123829413
"2017-11-23 00:00:00",64.29372360193723
"2017-11-24 00:00:00",62.883847502513056
"2017-11-25 00:00:00",65.77480041390088
"2017-11-26 00:00:00",66.80581064756724
"2017-11-27 00:00:00",74.85081967652411
"2017-11-28 00:00:00",73.9968337505088
"2017-11-29 00:00:00",71.9588811252909
"2017-11-30 00:00:00",69.9091182240693
"2017-12-01 00:00:00",77.2811998411271
"2017-12-02 00:00:00",74.20603644054195
"2017-12-03 00:00:00",81.4464791779826
"2017-12-04 00:00:00",91.51442270528871
"2017-12-05 00:00:00",93.21522601395193
"2017-12-06 00:00:00",92.05780299725751
"2017-12-07 00:00:00",95.15971018878011
"2017-12-08 00:00:00",96.31861617038324
"2017-12-09 00:00:00",96.79923861252253
"2017-12-10 00:00:00",95.12795571149486
"2017-12-11 00:00:00",94.13489445066871
"2017-12-12 00:00:00",94.15880073528074
"2017-12-13 00:00:00",92.0053699770882
"2017-12-14 00:00:00",96.57629526832969
"2017-12-15 00:00:00",91.8928050399822
"2017-12-16 00:00:00",91.562793187403
"2017-12-17 00:00:00",90.1886506964458
"2017-12-18 00:00:00",93.43153769029306
"2017-12-19 00:00:00",96.7309993503032
"2017-12-20 00:00:00",93.3496605173318
"2017-12-21 00:00:00",96.13755492980644
"2017-12-22 00:00:00",93.70193553044882
"2017-12-23 00:00:00",87.68357950423713
"2017-12-24 00:00:00",83.23636875488127
"2017-12-25 00:00:00",76.484932971643
"2017-12-26 00:00:00",80.80994154254121
"2017-12-27 00:00:00",87.02075471785409
"2017-12-28 00:00:00",87.75478867213799
"2017-12-29 00:00:00",93.80202208571207
"2017-12-30 00:00:00",89.98362969821187
"2017-12-31 00:00:00",85.67783476906662
"2018-01-01 00:00:00",84.18109211051146
"2018-01-02 00:00:00",92.79730285806485
"2018-01-03 00:00:00",94.34457279400571
"2018-01-04 00:00:00",94.7581093615112
"2018-01-05 00:00:00",94.5378493033664
"2018-01-06 00:00:00",95.00699185744266
"2018-01-07 00:00:00",95.58493813789414
"2018-01-08 00:00:00",96.06977668326752
"2018-01-09 00:00:00",94.93565391563958
"2018-01-10 00:00:00",95.13060237263183
"2018-01-11 00:00:00",94.12940673060403
"2018-01-12 00:00:00",95.30688823563851
"2018-01-13 00:00:00",95.95072813788441
"2018-01-14 00:00:00",95.01675712453847
"2018-01-15 00:00:00",96.91302583489572
"2018-01-16 00:00:00",95.95085893521642
"2018-01-17 00:00:00",94.40727972558105
"2018-01-18 00:00:00",94.25524212597264
"2018-01-19 00:00:00",89.41249777045371
"2018-01-20 00:00:00",89.8825510964758
"2018-01-21 00:00:00",88.4958476901026
"2018-01-22 00:00:00",90.08789748004395
"2018-01-23 00:00:00",90.27534487578798
"2018-01-24 00:00:00",86.24509899394455
"2018-01-25 00:00:00",81.86288959468834
"2018-01-26 00:00:00",85.30656754417566
"2018-01-27 00:00:00",76.85307048311506
"2018-01-28 00:00:00",81.71904941243587
"2018-01-29 00:00:00",84.9494596497012
"2018-01-30 00:00:00",87.10058980809397
"2018-01-31 00:00:00",87.71163321581967
"2018-02-01 00:00:00",89.89553012315314
"2018-02-02 00:00:00",87.10331311991136
"2018-02-03 00:00:00",83.07199771409209
"2018-02-04 00:00:00",81.59889111659481
"2018-02-05 00:00:00",83.52289616346155
"2018-02-06 00:00:00",83.09631171732016
"2018-02-07 00:00:00",82.42876975334752
"2018-02-08 00:00:00",78.15503022950644
"2018-02-09 00:00:00",81.6309452632387
"2018-02-10 00:00:00",83.1506697058232
"2018-02-11 00:00:00",80.50010941686274
"2018-02-12 00:00:00",81.4406607270624
"2018-02-13 00:00:00",77.93795691111846
"2018-02-14 00:00:00",78.29484101667624
"2018-02-15 00:00:00",80.23414196923636
"2018-02-16 00:00:00",79.6525227273152
"2018-02-17 00:00:00",81.05186240439043
"2018-02-18 00:00:00",82.37301910030932
"2018-02-19 00:00:00",83.9937424990823
"2018-02-20 00:00:00",90.3378848835062
"2018-02-21 00:00:00",87.42232362584355
"2018-02-22 00:00:00",82.85700580486191
"2018-02-23 00:00:00",80.22672522974517
"2018-02-24 00:00:00",81.7845521967321
"2018-02-25 00:00:00",80.86063495945046
"2018-02-26 00:00:00",80.62251700663761
"2018-02-27 00:00:00",79.96103234152827
"2018-02-28 00:00:00",83.73160318687961
"2018-03-01 00:00:00",80.23700670718083
"2018-03-02 00:00:00",84.77566964131168
"2018-03-03 00:00:00",79.76616115644461
"2018-03-04 00:00:00",82.44168231649003
"2018-03-05 00:00:00",82.75017632082698
"2018-03-06 00:00:00",79.28039495921595
"2018-03-07 00:00:00",81.32735070022348
"2018-03-08 00:00:00",80.13266618046188
"2018-03-09 00:00:00",78.53792578653979
"2018-03-10 00:00:00",76.77674752505548
"2018-03-11 00:00:00",73.57914342071737
"2018-03-12 00:00:00",80.154771165713
"2018-03-13 00:00:00",75.81738569719363
"2018-03-14 00:00:00",76.02691151635725
"2018-03-15 00:00:00",75.42413547519217
"2018-03-16 00:00:00",73.90920681649219
"2018-03-17 00:00:00",67.2063825342925
"2018-03-18 00:00:00",77.1790892225772
"2018-03-19 00:00:00",74.99025234799858
"2018-03-20 00:00:00",73.11309188445814
"2018-03-21 00:00:00",76.9943489492291
"2018-03-22 00:00:00",70.49672020091604
"2018-03-23 00:00:00",72.26418302767064
"2018-03-24 00:00:00",68.09312185220439
"2018-03-25 00:00:00",66.73149506605408
"2018-03-26 00:00:00",66.66875410816361
"2018-03-27 00:00:00",64.28747341368323
"2018-03-28 00:00:00",62.35156245309206
"2018-03-29 00:00:00",65.47082358225508
"2018-03-30 00:00:00",71.42211939914927
"2018-03-31 00:00:00",69.69126177357336
"2018-04-01 00:00:00",68.20985407183306
"2018-04-02 00:00:00",70.62382976901128
"2018-04-03 00:00:00",76.50002694986433
"2018-04-04 00:00:00",79.3136345107442
"2018-04-05 00:00:00",79.46839019257118
"2018-04-06 00:00:00",82.58872564262182
"2018-04-07 00:00:00",72.88646290254165
"2018-04-08 00:00:00",75.86750650542912
"2018-04-09 00:00:00",76.36409795582536
"2018-04-10 00:00:00",71.20128430676819
"2018-04-11 00:00:00",76.15943121756025
"2018-04-12 00:00:00",83.08454603813057
"2018-04-13 00:00:00",84.6060440511932
"2018-04-14 00:00:00",78.53217633082687