"DateTime","Average Block size [bytes]"
"2015-07-30 00:00:00",643.87109375
"2015-07-31 00:00:00",582.0279761037447
"2015-08-01 00:00:00",575.1641791044776
"2015-08-02 00:00:00",580.8786860768944
"2015-08-03 00:00:00",587.1123106060606
"2015-08-04 00:00:00",586.9698211624441
"2015-08-05 00:00:00",578.945558739255
"2015-08-06 00:00:00",583.6708365910868
"2015-08-07 00:00:00",632.6253613412989
"2015-08-08 00:00:00",667.5947488584475
"2015-08-09 00:00:00",618.2980675385517
"2015-08-10 00:00:00",631.1861084681256
"2015-08-11 00:00:00",692.0140151515152
"2015-08-12 00:00:00",653.4264246682279
"2015-08-13 00:00:00",665.7222852818767
"2015-08-14 00:00:00",659.751420210019
"2015-08-15 00:00:00",638.3351913786696
"2015-08-16 00:00:00",640.6537412314887
"2015-08-17 00:00:00",634.7076865532074
"2015-08-18 00:00:00",648.4882780921585
"2015-08-19 00:00:00",653.3210708782742
"2015-08-20 00:00:00",650.0931908548707
"2015-08-21 00:00:00",667.5852987421383
"2015-08-22 00:00:00",648.0377537469171
"2015-08-23 00:00:00",680.5922601236784
"2015-08-24 00:00:00",672.5474537037037
"2015-08-25 00:00:00",679.72984108299
"2015-08-26 00:00:00",668.6524085548671
"2015-08-27 00:00:00",707.929056924384
"2015-08-28 00:00:00",690.880077369439
"2015-08-29 00:00:00",682.0364980364981
"2015-08-30 00:00:00",688.9364620938628
"2015-08-31 00:00:00",730.6513828238719
"2015-09-01 00:00:00",741.2826307770442
"2015-09-02 00:00:00",766.2815208275091
"2015-09-03 00:00:00",755.390481820869
"2015-09-04 00:00:00",762.3567409408057
"2015-09-05 00:00:00",752.8949400528348
"2015-09-06 00:00:00",733.4594214543994
"2015-09-07 00:00:00",752.5999172527927
"2015-09-08 00:00:00",759.3871622994109
"2015-09-09 00:00:00",764.6240317775571
"2015-09-10 00:00:00",729.939636218269
"2015-09-11 00:00:00",735.9089671270181
"2015-09-12 00:00:00",761.4233983286908
"2015-09-13 00:00:00",763.5612552806276
"2015-09-14 00:00:00",771.1700680272108
"2015-09-15 00:00:00",755.3246592317224
"2015-09-16 00:00:00",738.5984665052462
"2015-09-17 00:00:00",753.3924708818636
"2015-09-18 00:00:00",784.6755982818572
"2015-09-19 00:00:00",734.6896415911776
"2015-09-20 00:00:00",765.9624882186616
"2015-09-21 00:00:00",778.8344827586207
"2015-09-22 00:00:00",806.9829736685805
"2015-09-23 00:00:00",784.0600193610842
"2015-09-24 00:00:00",781.6510655247959
"2015-09-25 00:00:00",767.0530628170113
"2015-09-26 00:00:00",764.7290060851927
"2015-09-27 00:00:00",724.7261680284936
"2015-09-28 00:00:00",755.2131701139722
"2015-09-29 00:00:00",762.1808189655172
"2015-09-30 00:00:00",741.8953121715367
"2015-10-01 00:00:00",740.8840690978886
"2015-10-02 00:00:00",773.0676647870893
"2015-10-03 00:00:00",768.6513689186528
"2015-10-04 00:00:00",775.8409742120344
"2015-10-05 00:00:00",771.40946296666
"2015-10-06 00:00:00",781.0230961298377
"2015-10-07 00:00:00",808.1430855315747
"2015-10-08 00:00:00",788.7191381987577
"2015-10-09 00:00:00",779.3384301732925
"2015-10-10 00:00:00",777.7898284313726
"2015-10-11 00:00:00",748.1983047506407
"2015-10-12 00:00:00",787.4630924630925
"2015-10-13 00:00:00",817.9530148786217
"2015-10-14 00:00:00",791.1678151601135
"2015-10-15 00:00:00",824.1496142915145
"2015-10-16 00:00:00",826.8799918083146
"2015-10-17 00:00:00",787.8924050632911
"2015-10-18 00:00:00",812.0784630940344
"2015-10-19 00:00:00",801.9077386934673
"2015-10-20 00:00:00",770.0194388777555
"2015-10-21 00:00:00",774.135871743487
"2015-10-22 00:00:00",782.1855222337125
"2015-10-23 00:00:00",817.5238457153714
"2015-10-24 00:00:00",770.572809901373
"2015-10-25 00:00:00",750.6108712715856
"2015-10-26 00:00:00",765.4883863080685
"2015-10-27 00:00:00",814.7959770114943
"2015-10-28 00:00:00",808.0394604388968
"2015-10-29 00:00:00",814.3799922450562
"2015-10-30 00:00:00",780.9482033639143
"2015-10-31 00:00:00",811.9364398518229
"2015-11-01 00:00:00",783.4968980224893
"2015-11-02 00:00:00",779.1839171974523
"2015-11-03 00:00:00",844.0580137659783
"2015-11-04 00:00:00",762.3270243902439
"2015-11-05 00:00:00",813.3948657652361
"2015-11-06 00:00:00",812.0178918708674
"2015-11-07 00:00:00",1004.8185696871191
"2015-11-08 00:00:00",1015.0850428201553
"2015-11-09 00:00:00",785.9363057324841
"2015-11-10 00:00:00",833.8094201464477
"2015-11-11 00:00:00",1044.147971360382
"2015-11-12 00:00:00",874.0563102973026
"2015-11-13 00:00:00",807.736471967181
"2015-11-14 00:00:00",937.519602106495
"2015-11-15 00:00:00",797.409624639076
"2015-11-16 00:00:00",782.0238142488589
"2015-11-17 00:00:00",762.2289366647298
"2015-11-18 00:00:00",773.7818719211823
"2015-11-19 00:00:00",881.9031545107495
"2015-11-20 00:00:00",814.1808938784156
"2015-11-21 00:00:00",831.7807348560079
"2015-11-22 00:00:00",815.5076252723312
"2015-11-23 00:00:00",862.7239143250148
"2015-11-24 00:00:00",828.4241151769646
"2015-11-25 00:00:00",806.9827935222672
"2015-11-26 00:00:00",784.1139676113361
"2015-11-27 00:00:00",789.8579435639737
"2015-11-28 00:00:00",773.8875798722045
"2015-11-29 00:00:00",776.2574257425742
"2015-11-30 00:00:00",863.6964566929133
"2015-12-01 00:00:00",847.2627018511225
"2015-12-02 00:00:00",819.2162106135987
"2015-12-03 00:00:00",778.2174831892411
"2015-12-04 00:00:00",803.6234025559105
"2015-12-05 00:00:00",835.3669596484219
"2015-12-06 00:00:00",876.7820069204153
"2015-12-07 00:00:00",774.7205793602897
"2015-12-08 00:00:00",771.0154754632458
"2015-12-09 00:00:00",778.8728878648234
"2015-12-10 00:00:00",820.1415241057542
"2015-12-11 00:00:00",884.3399841959699
"2015-12-12 00:00:00",916.288219070134
"2015-12-13 00:00:00",844.6327651515152
"2015-12-14 00:00:00",1752.0964192838567
"2015-12-15 00:00:00",1834.3400394477317
"2015-12-16 00:00:00",1215.560016057808
"2015-12-17 00:00:00",1053.0719367588933
"2015-12-18 00:00:00",1057.0390438247011
"2015-12-19 00:00:00",1009.203056768559
"2015-12-20 00:00:00",1103.4143925611481
"2015-12-21 00:00:00",1171.588223472669
"2015-12-22 00:00:00",2045.151296549035
"2015-12-23 00:00:00",1543.8057511737088
"2015-12-24 00:00:00",1292.0693503387804
"2015-12-25 00:00:00",1041.7507874015748
"2015-12-26 00:00:00",1073.8059552358113
"2015-12-27 00:00:00",1575.2863690713432
"2015-12-28 00:00:00",1238.8886046053926
"2015-12-29 00:00:00",1199.6755671551898
"2015-12-30 00:00:00",1563.9047334924423
"2015-12-31 00:00:00",1057.3361111111112
"2016-01-01 00:00:00",884.5981576253838
"2016-01-02 00:00:00",953.5603532875368
"2016-01-03 00:00:00",955.0461628359953
"2016-01-04 00:00:00",981.3143642072214
"2016-01-05 00:00:00",1395.8281310963714
"2016-01-06 00:00:00",1552.5
"2016-01-07 00:00:00",1549.6729572375025
"2016-01-08 00:00:00",1079.7755023183927
"2016-01-09 00:00:00",1209.3857619141008
"2016-01-10 00:00:00",1043.7111721971332
"2016-01-11 00:00:00",1058.0789112982181
"2016-01-12 00:00:00",1093.8381338742392
"2016-01-13 00:00:00",1423.2459016393443
"2016-01-14 00:00:00",1061.897445972495
"2016-01-15 00:00:00",1006.2193154996066
"2016-01-16 00:00:00",967.3799048751487
"2016-01-17 00:00:00",886.5722795869738
"2016-01-18 00:00:00",1056.6766561514196
"2016-01-19 00:00:00",1106.7258648431214
"2016-01-20 00:00:00",958.949186184994
"2016-01-21 00:00:00",943.536772113641
"2016-01-22 00:00:00",1027.371679648492
"2016-01-23 00:00:00",905.7595373376623
"2016-01-24 00:00:00",992.8713235294117
"2016-01-25 00:00:00",1334.9119032985045
"2016-01-26 00:00:00",1228.3260869565217
"2016-01-27 00:00:00",1566.1380694360828
"2016-01-28 00:00:00",1424.1545760031627
"2016-01-29 00:00:00",1307.506524794218
"2016-01-30 00:00:00",1179.0801275662748
"2016-01-31 00:00:00",1135.3866995073893
"2016-02-01 00:00:00",1080.6939182452643
"2016-02-02 00:00:00",1077.2785065590313
"2016-02-03 00:00:00",1059.5804962492787
"2016-02-04 00:00:00",1086.6635717107863
"2016-02-05 00:00:00",1116.8517637732857
"2016-02-06 00:00:00",1677.5446160016043
"2016-02-07 00:00:00",1025.9807352073915
"2016-02-08 00:00:00",1033.5673437191876
"2016-02-09 00:00:00",1032.3430267062315
"2016-02-10 00:00:00",1106.378552711147
"2016-02-11 00:00:00",1279.6393703925085
"2016-02-12 00:00:00",1170.5340751043116
"2016-02-13 00:00:00",1222.0914981346946
"2016-02-14 00:00:00",1139.9569138276554
"2016-02-15 00:00:00",1126.8170854271357
"2016-02-16 00:00:00",1127.9303482587065
"2016-02-17 00:00:00",1265.1762404776612
"2016-02-18 00:00:00",1109.4748949789957
"2016-02-19 00:00:00",1156.661831909398
"2016-02-20 00:00:00",1046.282914274401
"2016-02-21 00:00:00",1050.743422354105
"2016-02-22 00:00:00",1090.2872819909858
"2016-02-23 00:00:00",1117.0579593479574
"2016-02-24 00:00:00",1108.8270033803938
"2016-02-25 00:00:00",1113.9760140405617
"2016-02-26 00:00:00",1288.8714144411474
"2016-02-27 00:00:00",1101.8922275641025
"2016-02-28 00:00:00",1091.1889043547426
"2016-02-29 00:00:00",1175.3846473029046
"2016-03-01 00:00:00",1156.5112826603327
"2016-03-02 00:00:00",1198.6116791191507
"2016-03-03 00:00:00",1248.445751894695
"2016-03-04 00:00:00",1249.1351621946335
"2016-03-05 00:00:00",1314.407940833009
"2016-03-06 00:00:00",1365.8176074994906
"2016-03-07 00:00:00",1217.7266215678471
"2016-03-08 00:00:00",1242.1289615307953
"2016-03-09 00:00:00",1279.4692323110844
"2016-03-10 00:00:00",1221.5444572748268
"2016-03-11 00:00:00",1210.995064165844
"2016-03-12 00:00:00",1384.6022297431814
"2016-03-13 00:00:00",1392.0977632086388
"2016-03-14 00:00:00",1501.314017227878
"2016-03-15 00:00:00",1317.722027094832
"2016-03-16 00:00:00",1316.425726141079
"2016-03-17 00:00:00",1421.2222952975994
"2016-03-18 00:00:00",1403.0640724589064
"2016-03-19 00:00:00",1494.0396251233146
"2016-03-20 00:00:00",1445.8357391737184
"2016-03-21 00:00:00",1497.7746079412746
"2016-03-22 00:00:00",1514.4617031790478
"2016-03-23 00:00:00",1529.4933043187145
"2016-03-24 00:00:00",1861.7372561875102
"2016-03-25 00:00:00",1621.2481041872734
"2016-03-26 00:00:00",1537.7796554552913
"2016-03-27 00:00:00",1260.761660602051
"2016-03-28 00:00:00",1567.6601100183364
"2016-03-29 00:00:00",1389.4712146422628
"2016-03-30 00:00:00",1572.471473457913
"2016-03-31 00:00:00",1405.3876432486297
"2016-04-01 00:00:00",1492.6359151455354
"2016-04-02 00:00:00",1234.9823113207547
"2016-04-03 00:00:00",1244.7133388566695
"2016-04-04 00:00:00",1502.0156095957936
"2016-04-05 00:00:00",1527.771755345599
"2016-04-06 00:00:00",1336.770986009327
"2016-04-07 00:00:00",1404.4117251805812
"2016-04-08 00:00:00",1540.8815142576204
"2016-04-09 00:00:00",1317.790493847969
"2016-04-10 00:00:00",1280.9213520197857
"2016-04-11 00:00:00",1261.8551456964797
"2016-04-12 00:00:00",1451.4586866167913
"2016-04-13 00:00:00",1477.3271820448879
"2016-04-14 00:00:00",1405.6078724464376
"2016-04-15 00:00:00",1412.2191780821918
"2016-04-16 00:00:00",1215.2877554411032
"2016-04-17 00:00:00",1917.3763923524523
"2016-04-18 00:00:00",1350.9483071841453
"2016-04-19 00:00:00",1317.1563075892109
"2016-04-20 00:00:00",1359.2161983471074
"2016-04-21 00:00:00",1504.175125208681
"2016-04-22 00:00:00",1290.769689935334
"2016-04-23 00:00:00",1270.2769790117336
"2016-04-24 00:00:00",1433.0178899849523
"2016-04-25 00:00:00",1398.7026539973788
"2016-04-26 00:00:00",1344.4657258064517
"2016-04-27 00:00:00",1313.7857142857142
"2016-04-28 00:00:00",1407.9303482587065
"2016-04-29 00:00:00",1423.2069651741294
"2016-04-30 00:00:00",1588.1064707824364
"2016-05-01 00:00:00",1680.5341635812858
"2016-05-02 00:00:00",1480.2106907894736
"2016-05-03 00:00:00",1446.3123554674596
"2016-05-04 00:00:00",1497.9571906354515
"2016-05-05 00:00:00",1485.9832698360112
"2016-05-06 00:00:00",1625.2632015941547
"2016-05-07 00:00:00",1374.8326653306613
"2016-05-08 00:00:00",1530.2282267393819
"2016-05-09 00:00:00",1459.5817339510259
"2016-05-10 00:00:00",1481.180638722555
"2016-05-11 00:00:00",1558.5437943862023
"2016-05-12 00:00:00",1679.3848171831448
"2016-05-13 00:00:00",1674.2221306068602
"2016-05-14 00:00:00",1682.89157435381
"2016-05-15 00:00:00",1539.6884455527847
"2016-05-16 00:00:00",1491.408824022815
"2016-05-17 00:00:00",1515.0270136715533
"2016-05-18 00:00:00",1688.8396833250865
"2016-05-19 00:00:00",1576.2267509565795
"2016-05-20 00:00:00",1677.1543813152227
"2016-05-21 00:00:00",1672.6699548570473
"2016-05-22 00:00:00",1493.9199539776462
"2016-05-23 00:00:00",1568.3840013304507
"2016-05-24 00:00:00",1528.3171381031614
"2016-05-25 00:00:00",1669.8520484325759
"2016-05-26 00:00:00",1733.244060475162
"2016-05-27 00:00:00",1726.5808105872622
"2016-05-28 00:00:00",2435.93603588636
"2016-05-29 00:00:00",1675.381436427262
"2016-05-30 00:00:00",1543.3301148659896
"2016-05-31 00:00:00",1593.7334905660377
"2016-06-01 00:00:00",1562.1364464315284
"2016-06-02 00:00:00",1453.2371541501977
"2016-06-03 00:00:00",1428.599270194062
"2016-06-04 00:00:00",1408.9918550531916
"2016-06-05 00:00:00",1396.0747945664934
"2016-06-06 00:00:00",1425.6340864440078
"2016-06-07 00:00:00",1692.576794657763
"2016-06-08 00:00:00",1436.9469709407322
"2016-06-09 00:00:00",1476.505252790545
"2016-06-10 00:00:00",1437.3214164689937
"2016-06-11 00:00:00",1381.5246974157672
"2016-06-12 00:00:00",1462.5579554822752
"2016-06-13 00:00:00",1599.2728468113085
"2016-06-14 00:00:00",1713.3837613918806
"2016-06-15 00:00:00",1522.9322457133344
"2016-06-16 00:00:00",1603.9075644222776
"2016-06-17 00:00:00",2137.9071636177123
"2016-06-18 00:00:00",2043.8626252334861
"2016-06-19 00:00:00",1624.0842172934747
"2016-06-20 00:00:00",1708.7947554210791
"2016-06-21 00:00:00",1628.521253542257
"2016-06-22 00:00:00",1614.3075419449422
"2016-06-23 00:00:00",1513.3546560053308
"2016-06-24 00:00:00",1637.72591857001
"2016-06-25 00:00:00",1414.5418472824274
"2016-06-26 00:00:00",1452.6179775280898
"2016-06-27 00:00:00",1409.6183079973562
"2016-06-28 00:00:00",1482.4498104499753
"2016-06-29 00:00:00",1792.0388916708396
"2016-06-30 00:00:00",2367.078195488722
"2016-07-01 00:00:00",1379.8635547576303
"2016-07-02 00:00:00",1382.392303848076
"2016-07-03 00:00:00",1403.642018196857
"2016-07-04 00:00:00",1414.793802538322
"2016-07-05 00:00:00",1470.353336695243
"2016-07-06 00:00:00",1408.6769053876478
"2016-07-07 00:00:00",1414.1235917826375
"2016-07-08 00:00:00",1580.640093395597
"2016-07-09 00:00:00",1416.7455109369898
"2016-07-10 00:00:00",1407.032252729077
"2016-07-11 00:00:00",1420.6435561452977
"2016-07-12 00:00:00",1566.6971361971362
"2016-07-13 00:00:00",1356.740880709826
"2016-07-14 00:00:00",1536.0574904182636
"2016-07-15 00:00:00",1457.4881429525717
"2016-07-16 00:00:00",1349.4760730143068
"2016-07-17 00:00:00",1263.7885221429756
"2016-07-18 00:00:00",1397.4542478310689
"2016-07-19 00:00:00",1501.8993299832496
"2016-07-20 00:00:00",1717.926000672721
"2016-07-21 00:00:00",1522.185570360741
"2016-07-22 00:00:00",1640.9031391640087
"2016-07-23 00:00:00",1496.2164779254883
"2016-07-24 00:00:00",1796.8996125989556
"2016-07-25 00:00:00",1737.3295190713102
"2016-07-26 00:00:00",1946.1141332415218
"2016-07-27 00:00:00",1705.6892307692308
"2016-07-28 00:00:00",1609.7183029107055
"2016-07-29 00:00:00",1598.0200702458606
"2016-07-30 00:00:00",1460.220698879786
"2016-07-31 00:00:00",1585.3320617017748
"2016-08-01 00:00:00",1560.7133031370574
"2016-08-02 00:00:00",1687.3992195453004
"2016-08-03 00:00:00",1665.3270387700534
"2016-08-04 00:00:00",1616.641634366925
"2016-08-05 00:00:00",1527.0676009892827
"2016-08-06 00:00:00",1465.216293074607
"2016-08-07 00:00:00",1473.1900608853052
"2016-08-08 00:00:00",1503.8052483908236
"2016-08-09 00:00:00",1591.826101141925
"2016-08-10 00:00:00",1606.787578460522
"2016-08-11 00:00:00",1620.5056031641398
"2016-08-12 00:00:00",1559.009145327569
"2016-08-13 00:00:00",1430.9404840848806
"2016-08-14 00:00:00",1406.0669539277428
"2016-08-15 00:00:00",1466.7500821018061
"2016-08-16 00:00:00",1621.4440039643212
"2016-08-17 00:00:00",1532.282243301714
"2016-08-18 00:00:00",1663.0360655737704
"2016-08-19 00:00:00",1490.9459594280013
"2016-08-20 00:00:00",1452.6118909991742
"2016-08-21 00:00:00",1479.7615055884287
"2016-08-22 00:00:00",1525.645442579796
"2016-08-23 00:00:00",2023.0980881130506
"2016-08-24 00:00:00",1589.954072360813
"2016-08-25 00:00:00",1663.2395799146702
"2016-08-26 00:00:00",1609.8711288711288
"2016-08-27 00:00:00",1586.4160631994732
"2016-08-28 00:00:00",1450.6734051367025
"2016-08-29 00:00:00",1572.1122381110742
"2016-08-30 00:00:00",1615.8426817125787
"2016-08-31 00:00:00",1537.9680553268565
"2016-09-01 00:00:00",1582.874102521289
"2016-09-02 00:00:00",1849.8477332457294
"2016-09-03 00:00:00",1513.1198520759792
"2016-09-04 00:00:00",1719.1705130333721
"2016-09-05 00:00:00",1511.874259381172
"2016-09-06 00:00:00",1722.3223761054564
"2016-09-07 00:00:00",1692.246976135992
"2016-09-08 00:00:00",1899.7121010638298
"2016-09-09 00:00:00",1853.3865656898254
"2016-09-10 00:00:00",1508.322720453409
"2016-09-11 00:00:00",1460.2630887904152
"2016-09-12 00:00:00",1584.9978558469404
"2016-09-13 00:00:00",1497.24021322672
"2016-09-14 00:00:00",1757.600886553932
"2016-09-15 00:00:00",1743.4825070469242
"2016-09-16 00:00:00",2019.906018136851
"2016-09-17 00:00:00",1587.822468563865
"2016-09-18 00:00:00",1432.652554483744
"2016-09-19 00:00:00",1340.9982836635982
"2016-09-20 00:00:00",1689.3700340522134
"2016-09-21 00:00:00",1598.3332233586275
"2016-09-22 00:00:00",1876.2965541246085
"2016-09-23 00:00:00",1280.1938644394475
"2016-09-24 00:00:00",1526.0835460268845
"2016-09-25 00:00:00",1386.5588000638263
"2016-09-26 00:00:00",1544.7001540304639
"2016-09-27 00:00:00",1660.8308276887494
"2016-09-28 00:00:00",1561.3208319685555
"2016-09-29 00:00:00",1441.5230166503427
"2016-09-30 00:00:00",1436.600532623169
"2016-10-01 00:00:00",1809.9932525951558
"2016-10-02 00:00:00",1686.793177323665
"2016-10-03 00:00:00",1718.681334622824
"2016-10-04 00:00:00",2191.5002468323187
"2016-10-05 00:00:00",1802.1939143888603
"2016-10-06 00:00:00",1938.3092558373928
"2016-10-07 00:00:00",4119.241209444539
"2016-10-08 00:00:00",5429.320161290322
"2016-10-09 00:00:00",5682.6363035212435
"2016-10-10 00:00:00",12725.16023837113
"2016-10-11 00:00:00",2762.446446280992
"2016-10-12 00:00:00",1247.876649746193
"2016-10-13 00:00:00",1306.1257769054628
"2016-10-14 00:00:00",1400.335746010857
"2016-10-15 00:00:00",1236.3091090094574
"2016-10-16 00:00:00",1296.9912469033857
"2016-10-17 00:00:00",1376.8417519718073
"2016-10-18 00:00:00",1746.6304951789507
"2016-10-19 00:00:00",1638.1510218219605
"2016-10-20 00:00:00",1465.543505874881
"2016-10-21 00:00:00",1724.435624077415
"2016-10-22 00:00:00",1356.8804833636816
"2016-10-23 00:00:00",1291.567328549975
"2016-10-24 00:00:00",1791.4547403132729
"2016-10-25 00:00:00",1675.280690112807
"2016-10-26 00:00:00",1549.6404199475066
"2016-10-27 00:00:00",1517.9878697241609
"2016-10-28 00:00:00",1472.2266532054518
"2016-10-29 00:00:00",1461.4057868736768
"2016-10-30 00:00:00",1422.4338999834956
"2016-10-31 00:00:00",1535.7106040709127
"2016-11-01 00:00:00",1688.562253810584
"2016-11-02 00:00:00",1496.6730510752689
"2016-11-03 00:00:00",1470.5561344537816
"2016-11-04 00:00:00",1262.149051490515
"2016-11-05 00:00:00",1357.976150767178
"2016-11-06 00:00:00",1289.315989428477
"2016-11-07 00:00:00",1399.417735550277
"2016-11-08 00:00:00",1475.91459652541
"2016-11-09 00:00:00",1483.863774476705
"2016-11-10 00:00:00",1492.3313778075762
"2016-11-11 00:00:00",1462.2341455273697
"2016-11-12 00:00:00",1426.0427209990141
"2016-11-13 00:00:00",1467.9625987425438
"2016-11-14 00:00:00",1576.044173397066
"2016-11-15 00:00:00",1577.3742923742923
"2016-11-16 00:00:00",1481.4373862696443
"2016-11-17 00:00:00",1475.9161554192228
"2016-11-18 00:00:00",1513.5590713944982
"2016-11-19 00:00:00",1375.2222764227643
"2016-11-20 00:00:00",1472.8847709985434
"2016-11-21 00:00:00",1537.492013831714
"2016-11-22 00:00:00",1707.9501857480582
"2016-11-23 00:00:00",1949.9712180914853
"2016-11-24 00:00:00",1423.5644234020967
"2016-11-25 00:00:00",1767.127147766323
"2016-11-26 00:00:00",1500.9178174469519
"2016-11-27 00:00:00",1702.9098402018503
"2016-11-28 00:00:00",1731.009930486594
"2016-11-29 00:00:00",1692.3555444221777
"2016-11-30 00:00:00",2208.6891602045866
"2016-12-01 00:00:00",1407.4064718507511
"2016-12-02 00:00:00",1461.5489711934156
"2016-12-03 00:00:00",1404.4266233766234
"2016-12-04 00:00:00",1403.27110145412
"2016-12-05 00:00:00",1491.4427048634243
"2016-12-06 00:00:00",1614.961077352603
"2016-12-07 00:00:00",1522.6622756463032
"2016-12-08 00:00:00",1415.661551020408
"2016-12-09 00:00:00",1502.0960330578512
"2016-12-10 00:00:00",1427.6997530864198
"2016-12-11 00:00:00",1680.8999672023615
"2016-12-12 00:00:00",1477.0118353058842
"2016-12-13 00:00:00",1538.499176276771
"2016-12-14 00:00:00",1835.3300986842105
"2016-12-15 00:00:00",1581.662056323946
"2016-12-16 00:00:00",1506.0106995884773
"2016-12-17 00:00:00",1417.873773708306
"2016-12-18 00:00:00",1345.3220144356956
"2016-12-19 00:00:00",1616.2511604774536
"2016-12-20 00:00:00",1536.3867193936399
"2016-12-21 00:00:00",1769.3428336079078
"2016-12-22 00:00:00",1761.9135325721961
"2016-12-23 00:00:00",1521.9669129996641
"2016-12-24 00:00:00",1360.886446886447
"2016-12-25 00:00:00",1316.6004569936347
"2016-12-26 00:00:00",1294.1145730300034
"2016-12-27 00:00:00",1558.1457152384128
"2016-12-28 00:00:00",1530.5001651254954
"2016-12-29 00:00:00",1678.409569220651
"2016-12-30 00:00:00",1622.812139205014
"2016-12-31 00:00:00",1544.2593025196063
"2017-01-01 00:00:00",1390.196858124693
"2017-01-02 00:00:00",1458.2728623308024
"2017-01-03 00:00:00",1627.4679370339686
"2017-01-04 00:00:00",1717.1320631818921
"2017-01-05 00:00:00",1675.5915284846494
"2017-01-06 00:00:00",1592.5210517556998
"2017-01-07 00:00:00",1570.1203339882122
"2017-01-08 00:00:00",1557.294534079684
"2017-01-09 00:00:00",1595.4245314041434
"2017-01-10 00:00:00",1685.8844112769486
"2017-01-11 00:00:00",1591.468992889036
"2017-01-12 00:00:00",1696.713177014531
"2017-01-13 00:00:00",1728.9251555846708
"2017-01-14 00:00:00",1499.3317949563211
"2017-01-15 00:00:00",1497.775349219392
"2017-01-16 00:00:00",1574.8025446133508
"2017-01-17 00:00:00",1642.4936687770744
"2017-01-18 00:00:00",1582.9589447650453
"2017-01-19 00:00:00",1552.2448847028256
"2017-01-20 00:00:00",1608.529599195036
"2017-01-21 00:00:00",1503.9449222626529
"2017-01-22 00:00:00",1616.3269579554824
"2017-01-23 00:00:00",1612.3275462962963
"2017-01-24 00:00:00",1753.9378830544972
"2017-01-25 00:00:00",1643.7727121464227
"2017-01-26 00:00:00",1672.9856931425752
"2017-01-27 00:00:00",1657.790643274854
"2017-01-28 00:00:00",1627.639782285997
"2017-01-29 00:00:00",1522.5426174496645
"2017-01-30 00:00:00",1578.861339021989
"2017-01-31 00:00:00",1538.7459288800267
"2017-02-01 00:00:00",1607.359627225828
"2017-02-02 00:00:00",1578.1223747312717
"2017-02-03 00:00:00",1568.2747913188648
"2017-02-04 00:00:00",1560.4220138203357
"2017-02-05 00:00:00",1614.2512753003127
"2017-02-06 00:00:00",1605.9386776859503
"2017-02-07 00:00:00",1826.993997999333
"2017-02-08 00:00:00",1764.2177352892697
"2017-02-09 00:00:00",1629.5194891358435
"2017-02-10 00:00:00",1735.3384105960265
"2017-02-11 00:00:00",1593.9286187479297
"2017-02-12 00:00:00",1571.1186664466084
"2017-02-13 00:00:00",1823.477100494234
"2017-02-14 00:00:00",1913.9078532292876
"2017-02-15 00:00:00",1817.6242404335687
"2017-02-16 00:00:00",1661.0631196298743
"2017-02-17 00:00:00",1660.888888888889
"2017-02-18 00:00:00",1773.0793465577597
"2017-02-19 00:00:00",1634.9592955640471
"2017-02-20 00:00:00",1696.2495428096427
"2017-02-21 00:00:00",1989.29263053536
"2017-02-22 00:00:00",1790.4323056300268
"2017-02-23 00:00:00",1667.1942183086892
"2017-02-24 00:00:00",1778.3879554150724
"2017-02-25 00:00:00",1760.669316111939
"2017-02-26 00:00:00",1712.7497125964856
"2017-02-27 00:00:00",1818.7254509018037
"2017-02-28 00:00:00",1935.2752579007697
"2017-03-01 00:00:00",2234.9528365223227
"2017-03-02 00:00:00",2209.4228675136114
"2017-03-03 00:00:00",2083.7667332667334
"2017-03-04 00:00:00",1859.630910609858
"2017-03-05 00:00:00",1821.2468302321752
"2017-03-06 00:00:00",1808.0941944119124
"2017-03-07 00:00:00",1963.414018066243
"2017-03-08 00:00:00",1799.6665558510638
"2017-03-09 00:00:00",2403.3544197031038
"2017-03-10 00:00:00",2190.1950277171172
"2017-03-11 00:00:00",2013.8560479840053
"2017-03-12 00:00:00",2042.8906909951006
"2017-03-13 00:00:00",2451.7206953642385
"2017-03-14 00:00:00",2433.4791142425765
"2017-03-15 00:00:00",2455.9239893083864
"2017-03-16 00:00:00",3070.9849749582636
"2017-03-17 00:00:00",2879.5562355276215
"2017-03-18 00:00:00",2512.5528292438657
"2017-03-19 00:00:00",2395.8884033613444
"2017-03-20 00:00:00",2316.0347840422023
"2017-03-21 00:00:00",2507.1279167366124
"2017-03-22 00:00:00",2368.465545938748
"2017-03-23 00:00:00",2512.8204261075416
"2017-03-24 00:00:00",2557.002705902249
"2017-03-25 00:00:00",2427.7676954042267
"2017-03-26 00:00:00",2374.5873599732486
"2017-03-27 00:00:00",2896.2083683414553
"2017-03-28 00:00:00",2543.0705084745764
"2017-03-29 00:00:00",2744.189545758183
"2017-03-30 00:00:00",2852.6837563451777
"2017-03-31 00:00:00",2948.8135990621336
"2017-04-01 00:00:00",2402.8140398245023
"2017-04-02 00:00:00",2668.848443380089
"2017-04-03 00:00:00",2788.235825388861
"2017-04-04 00:00:00",2518.1437963587323
"2017-04-05 00:00:00",2557.5840294019376
"2017-04-06 00:00:00",2799.138605442177
"2017-04-07 00:00:00",2776.3920282542886
"2017-04-08 00:00:00",2248.5138140161725
"2017-04-09 00:00:00",2358.3758840779715
"2017-04-10 00:00:00",2460.4732546022924
"2017-04-11 00:00:00",2376.712429475124
"2017-04-12 00:00:00",2696.5708600103826
"2017-04-13 00:00:00",2588.8007933770264
"2017-04-14 00:00:00",2450.8628977657413
"2017-04-15 00:00:00",2348.10417759133
"2017-04-16 00:00:00",2219.700171821306
"2017-04-17 00:00:00",2309.4152874936017
"2017-04-18 00:00:00",2602.803275891486
"2017-04-19 00:00:00",2664.02203567681
"2017-04-20 00:00:00",2581.4705581157195
"2017-04-21 00:00:00",2690.811840762164
"2017-04-22 00:00:00",2429.314917127072
"2017-04-23 00:00:00",2393.048601637108
"2017-04-24 00:00:00",2553.084251005069
"2017-04-25 00:00:00",2803.2487705613025
"2017-04-26 00:00:00",2723.5565016852934
"2017-04-27 00:00:00",3094.9776674937966
"2017-04-28 00:00:00",3177.6334913112164
"2017-04-29 00:00:00",2792.821898329186
"2017-04-30 00:00:00",3063.682719546742
"2017-05-01 00:00:00",3544.4495021337125
"2017-05-02 00:00:00",3461.024915465385
"2017-05-03 00:00:00",3027.543813064259
"2017-05-04 00:00:00",3350.6925119490174
"2017-05-05 00:00:00",3170.6981497797356
"2017-05-06 00:00:00",2933.9783374427616
"2017-05-07 00:00:00",3321.835781741868
"2017-05-08 00:00:00",3408.8652482269504
"2017-05-09 00:00:00",3376.0618829337095
"2017-05-10 00:00:00",3227.03204674221
"2017-05-11 00:00:00",3351.703788144511
"2017-05-12 00:00:00",3154.309247538678
"2017-05-13 00:00:00",3065.101055267394
"2017-05-14 00:00:00",3140.419844502036
"2017-05-15 00:00:00",3831.3573412331048
"2017-05-16 00:00:00",3643.778816199377
"2017-05-17 00:00:00",4304.9556807511735
"2017-05-18 00:00:00",4245.111863786159
"2017-05-19 00:00:00",4801.271386430679
"2017-05-20 00:00:00",4178.781380943706
"2017-05-21 00:00:00",4586.091042854516
"2017-05-22 00:00:00",5328.467446964155
"2017-05-23 00:00:00",6626.570400442886
"2017-05-24 00:00:00",6665.501197715128
"2017-05-25 00:00:00",5952.187740164684
"2017-05-26 00:00:00",5559.19701383831
"2017-05-27 00:00:00",5126.758227615371
"2017-05-28 00:00:00",5378.816247936916
"2017-05-29 00:00:00",4922.110951783474
"2017-05-30 00:00:00",7068.894821716538
"2017-05-31 00:00:00",6842.579822616408
"2017-06-01 00:00:00",6540.865428354814
"2017-06-02 00:00:00",7542.274031845882
"2017-06-03 00:00:00",6635.920092201306
"2017-06-04 00:00:00",6458.021511627907
"2017-06-05 00:00:00",6438.76319298914
"2017-06-06 00:00:00",7373.6322964669735
"2017-06-07 00:00:00",7387.729719412102
"2017-06-08 00:00:00",6932.0560568247265
"2017-06-09 00:00:00",7482.098772535482
"2017-06-10 00:00:00",6591.95367591898
"2017-06-11 00:00:00",8658.342165459399
"2017-06-12 00:00:00",9450.95436318503
"2017-06-13 00:00:00",8806.942716236723
"2017-06-14 00:00:00",7942.336104288684
"2017-06-15 00:00:00",8191.838642789821
"2017-06-16 00:00:00",8034.397113943029
"2017-06-17 00:00:00",7957.53438151165
"2017-06-18 00:00:00",7931.199364129418
"2017-06-19 00:00:00",8956.357892763404
"2017-06-20 00:00:00",9258.277028387356
"2017-06-21 00:00:00",6194.701306655777
"2017-06-22 00:00:00",8691.40210355987
"2017-06-23 00:00:00",9122.923517382413
"2017-06-24 00:00:00",8934.801376796922
"2017-06-25 00:00:00",8979.3095818108
"2017-06-26 00:00:00",9544.14964753273
"2017-06-27 00:00:00",7910.6762647470505
"2017-06-28 00:00:00",10005.157629510179
"2017-06-29 00:00:00",9460.48239506664
"2017-06-30 00:00:00",8800.12370929309
"2017-07-01 00:00:00",8105.72050309443
"2017-07-02 00:00:00",8502.959475566151
"2017-07-03 00:00:00",10142.634600158353
"2017-07-04 00:00:00",10131.832414336353
"2017-07-05 00:00:00",10094.208425275827
"2017-07-06 00:00:00",8829.910820451843
"2017-07-07 00:00:00",9708.839693154996
"2017-07-08 00:00:00",8884.14743463731
"2017-07-09 00:00:00",6980.346486062033
"2017-07-10 00:00:00",10586.084240313452
"2017-07-11 00:00:00",10484.207079646018
"2017-07-12 00:00:00",10734.86316256376
"2017-07-13 00:00:00",10675.664228723404
"2017-07-14 00:00:00",10039.824522434474
"2017-07-15 00:00:00",8747.487290897241
"2017-07-16 00:00:00",9224.6443715847
"2017-07-17 00:00:00",9814.173581520521
"2017-07-18 00:00:00",11286.315974511095
"2017-07-19 00:00:00",10282.146862195385
"2017-07-20 00:00:00",9369.92292746114
"2017-07-21 00:00:00",8661.022232005284
"2017-07-22 00:00:00",7991.519681651968
"2017-07-23 00:00:00",9282.442703862662
"2017-07-24 00:00:00",10559.699039720646
"2017-07-25 00:00:00",9765.869611609049
"2017-07-26 00:00:00",8403.12559139785
"2017-07-27 00:00:00",8345.782908933967
"2017-07-28 00:00:00",9257.631375080697
"2017-07-29 00:00:00",7452.480461242793
"2017-07-30 00:00:00",7620.672406462585
"2017-07-31 00:00:00",9290.735611907387
"2017-08-01 00:00:00",9503.42843161243
"2017-08-02 00:00:00",9426.06800197824
"2017-08-03 00:00:00",9596.575955734406
"2017-08-04 00:00:00",10507.097772277228
"2017-08-05 00:00:00",10426.794496777393
"2017-08-06 00:00:00",10462.613343253968
"2017-08-07 00:00:00",11866.9738641915
"2017-08-08 00:00:00",13278.282433422917
"2017-08-09 00:00:00",11372.55701434476
"2017-08-10 00:00:00",13580.778356912386
"2017-08-11 00:00:00",14429.255542021923
"2017-08-12 00:00:00",13641.556528081692
"2017-08-13 00:00:00",12993.403487527246
"2017-08-14 00:00:00",15655.198887007016
"2017-08-15 00:00:00",16402.72531461762
"2017-08-16 00:00:00",17360.243638982236
"2017-08-17 00:00:00",17330.33301158301
"2017-08-18 00:00:00",17335.29352030948
"2017-08-19 00:00:00",16348.262645452387
"2017-08-20 00:00:00",12824.72593840231
"2017-08-21 00:00:00",15178.747460429955
"2017-08-22 00:00:00",14258.658542413381
"2017-08-23 00:00:00",14351.9305028463
"2017-08-24 00:00:00",13796.09536328872
"2017-08-25 00:00:00",15771.679516038266
"2017-08-26 00:00:00",14625.497856530437
"2017-08-27 00:00:00",14944.547239612977
"2017-08-28 00:00:00",17756.890597794543
"2017-08-29 00:00:00",18455.424738774356
"2017-08-30 00:00:00",18827.46559048428
"2017-08-31 00:00:00",17436.468758997984
"2017-09-01 00:00:00",18436.11701221244
"2017-09-02 00:00:00",15334.020898051398
"2017-09-03 00:00:00",13870.501271545634
"2017-09-04 00:00:00",19759.760703147153
"2017-09-05 00:00:00",19704.410508569825
"2017-09-06 00:00:00",22602.623361823364
"2017-09-07 00:00:00",21134.574851987596
"2017-09-08 00:00:00",20975.272828507794
"2017-09-09 00:00:00",17147.499297950013
"2017-09-10 00:00:00",14679.653889199775
"2017-09-11 00:00:00",16764.084483244158
"2017-09-12 00:00:00",18036.860116569525
"2017-09-13 00:00:00",16933.18665158371
"2017-09-14 00:00:00",17287.901917199222
"2017-09-15 00:00:00",19311.558904867255
"2017-09-16 00:00:00",16697.539207536713
"2017-09-17 00:00:00",14349.650964187327
"2017-09-18 00:00:00",17536.44166432387
"2017-09-19 00:00:00",16595.587927232635
"2017-09-20 00:00:00",16027.636944444444
"2017-09-21 00:00:00",16104.303429355281
"2017-09-22 00:00:00",16972.103298900365
"2017-09-23 00:00:00",15950.557905686546
"2017-09-24 00:00:00",17983.337985023827
"2017-09-25 00:00:00",19577.055007052186
"2017-09-26 00:00:00",18526.914186851212
"2017-09-27 00:00:00",18892.63464187328
"2017-09-28 00:00:00",20552.811274509804
"2017-09-29 00:00:00",21539.80735242135
"2017-09-30 00:00:00",21998.15457746479
"2017-10-01 00:00:00",21781.036338225018
"2017-10-02 00:00:00",21143.17487684729
"2017-10-03 00:00:00",20917.798392732355
"2017-10-04 00:00:00",20394.643104643106
"2017-10-05 00:00:00",20312.52749490835
"2017-10-06 00:00:00",21656.46629213483
"2017-10-07 00:00:00",19657.04353932584
"2017-10-08 00:00:00",19149.652309829802
"2017-10-09 00:00:00",19670.747050659265
"2017-10-10 00:00:00",21438.49433962264
"2017-10-11 00:00:00",20045.35780445969
"2017-10-12 00:00:00",21136.87616419455
"2017-10-13 00:00:00",21845.315807679002
"2017-10-14 00:00:00",19951.42189123658
"2017-10-15 00:00:00",19011.235897435898
"2017-10-16 00:00:00",16294.237154150198
"2017-10-17 00:00:00",14412.018181818183
"2017-10-18 00:00:00",13060.433692332423
"2017-10-19 00:00:00",12978.390962986701
"2017-10-20 00:00:00",15253.653519320185
"2017-10-21 00:00:00",11982.934339380317
"2017-10-22 00:00:00",10947.454617834395
"2017-10-23 00:00:00",12827.6408698433
"2017-10-24 00:00:00",13945.91933418694
"2017-10-25 00:00:00",14346.739637305698
"2017-10-26 00:00:00",14417.092577554004
"2017-10-27 00:00:00",14923.583239685344
"2017-10-28 00:00:00",14317.26875
"2017-10-29 00:00:00",14872.298999031322
"2017-10-30 00:00:00",16448.375
"2017-10-31 00:00:00",15604.372589641434
"2017-11-01 00:00:00",15757.882123086942
"2017-11-02 00:00:00",15695.905924479168
"2017-11-03 00:00:00",15830.607442010309
"2017-11-04 00:00:00",12156.236120077469
"2017-11-05 00:00:00",11640.24607080489
"2017-11-06 00:00:00",13795.903694144217
"2017-11-07 00:00:00",14266.691676058606
"2017-11-08 00:00:00",14220.05869146889
"2017-11-09 00:00:00",13928.841485068604
"2017-11-10 00:00:00",13412.806349206348
"2017-11-11 00:00:00",12664.799904260411
"2017-11-12 00:00:00",13232.919615692554
"2017-11-13 00:00:00",14443.04064257028
"2017-11-14 00:00:00",16232.347762169225
"2017-11-15 00:00:00",16453.089466089466
"2017-11-16 00:00:00",15278.293792655184
"2017-11-17 00:00:00",15300.552846832397
"2017-11-18 00:00:00",14627.94754625905
"2017-11-19 00:00:00",14550.571177784872
"2017-11-20 00:00:00",16653.572053108808
"2017-11-21 00:00:00",16182.372853903466
"2017-11-22 00:00:00",15978.45161807113
"2017-11-23 00:00:00",16028.736510500808
"2017-11-24 00:00:00",15103.84809111325
"2017-11-25 00:00:00",16191.566682793098
"2017-11-26 00:00:00",16098.951369751985
"2017-11-27 00:00:00",22187.168255011504
"2017-11-28 00:00:00",18980.069412536923
"2017-11-29 00:00:00",18539.322691552064
"2017-11-30 00:00:00",18059.262233783124
"2017-12-01 00:00:00",18183.603231597845
"2017-12-02 00:00:00",17953.51792499587
"2017-12-03 00:00:00",19325.5458616686
"2017-12-04 00:00:00",19740.939164168576
"2017-12-05 00:00:00",19799.619005010736
"2017-12-06 00:00:00",21171.7482645232
"2017-12-07 00:00:00",17900.34796076407
"2017-12-08 00:00:00",21222.301925722146
"2017-12-09 00:00:00",19890.354384760598
"2017-12-10 00:00:00",20862.621738379126
"2017-12-11 00:00:00",23553.1816127911
"2017-12-12 00:00:00",25610.40828092243
"2017-12-13 00:00:00",26211.498147821487
"2017-12-14 00:00:00",26051.84364592463
"2017-12-15 00:00:00",26179.98846617318
"2017-12-16 00:00:00",26390.64367219917
"2017-12-17 00:00:00",25953.990852606144
"2017-12-18 00:00:00",27939.428645473392
"2017-12-19 00:00:00",31465.309994655265
"2017-12-20 00:00:00",27469.109618484687
"2017-12-21 00:00:00",30222.37945868435
"2017-12-22 00:00:00",29212.67342978123
"2017-12-23 00:00:00",26202.189116560297
"2017-12-24 00:00:00",20526.12882205514
"2017-12-25 00:00:00",21723.661311692613
"2017-12-26 00:00:00",22444.126708902968
"2017-12-27 00:00:00",24741.015570065294
"2017-12-28 00:00:00",25961.321743554952
"2017-12-29 00:00:00",29545.45691590399
"2017-12-30 00:00:00",29351.44696314241
"2017-12-31 00:00:00",25041.888456988338
"2018-01-01 00:00:00",24025.623588879527
"2018-01-02 00:00:00",30151.054696996005
"2018-01-03 00:00:00",32482.067002881842
"2018-01-04 00:00:00",33683.7567320022
"2018-01-05 00:00:00",33414.16358888267
"2018-01-06 00:00:00",32649.516022099448
"2018-01-07 00:00:00",31265.008844765343
"2018-01-08 00:00:00",32508.053959484347
"2018-01-09 00:00:00",33018.50962962963
"2018-01-10 00:00:00",30639.6114790287
"2018-01-11 00:00:00",31294.118706357956
"2018-01-12 00:00:00",30663.092514254186
"2018-01-13 00:00:00",31270.733739837397
"2018-01-14 00:00:00",29318.47430900071
"2018-01-15 00:00:00",31849.789483360913
"2018-01-16 00:00:00",32776.92573183954
"2018-01-17 00:00:00",32423.17144392691
"2018-01-18 00:00:00",31697.840351191542
"2018-01-19 00:00:00",28845.74929775281
"2018-01-20 00:00:00",27413.709863945576
"2018-01-21 00:00:00",26812.395089285714
"2018-01-22 00:00:00",25874.352401969107
"2018-01-23 00:00:00",25080.400813145858
"2018-01-24 00:00:00",24560.163928930608
"2018-01-25 00:00:00",23675.501521298174
"2018-01-26 00:00:00",26058.772012844347
"2018-01-27 00:00:00",22449.076039933443
"2018-01-28 00:00:00",24199.047524094385
"2018-01-29 00:00:00",25243.281423991903
"2018-01-30 00:00:00",25234.138066053794
"2018-01-31 00:00:00",24903.047885888944
"2018-02-01 00:00:00",26336.151269210844
"2018-02-02 00:00:00",26186.396901072705
"2018-02-03 00:00:00",22592.405283397424
"2018-02-04 00:00:00",22742.296613011404
"2018-02-05 00:00:00",24170.762189054727
"2018-02-06 00:00:00",24937.338054291013
"2018-02-07 00:00:00",22980.03764348413
"2018-02-08 00:00:00",20101.96354253371
"2018-02-09 00:00:00",22107.103194942763
"2018-02-10 00:00:00",22205.926226734347
"2018-02-11 00:00:00",20918.567548624495
"2018-02-12 00:00:00",22146.366066748207
"2018-02-13 00:00:00",20531.714654727053
"2018-02-14 00:00:00",21818.235872235873
"2018-02-15 00:00:00",21833.217722805828
"2018-02-16 00:00:00",20716.172606924643
"2018-02-17 00:00:00",21848.769269862783
"2018-02-18 00:00:00",20739.999162759545
"2018-02-19 00:00:00",21824.904074265083
"2018-02-20 00:00:00",24506.913121522168
"2018-02-21 00:00:00",23338.198692585585
"2018-02-22 00:00:00",21841.67101373674
"2018-02-23 00:00:00",20812.46046827282
"2018-02-24 00:00:00",21326.56940117688
"2018-02-25 00:00:00",20615.062543073742
"2018-02-26 00:00:00",21753.974272533713
"2018-02-27 00:00:00",20984.43021812378
"2018-02-28 00:00:00",21740.071353436186
"2018-03-01 00:00:00",20705.093392070485
"2018-03-02 00:00:00",22566.627643115007
"2018-03-03 00:00:00",21235.86103962944
"2018-03-04 00:00:00",20820.621564852092
"2018-03-05 00:00:00",22740.954449894885
"2018-03-06 00:00:00",21640.738760217984
"2018-03-07 00:00:00",22939.05501051156
"2018-03-08 00:00:00",21604.738823113625
"2018-03-09 00:00:00",20420.97962003454
"2018-03-10 00:00:00",18941.648406546083
"2018-03-11 00:00:00",18688.598363450394
"2018-03-12 00:00:00",21812.415390033457
"2018-03-13 00:00:00",21106.710093689235
"2018-03-14 00:00:00",20108.06278950077
"2018-03-15 00:00:00",20295.72288301083
"2018-03-16 00:00:00",19509.224646326915
"2018-03-17 00:00:00",17446.175139275765
"2018-03-18 00:00:00",20225.069466044584
"2018-03-19 00:00:00",20695.706926557606
"2018-03-20 00:00:00",20153.054694304126
"2018-03-21 00:00:00",20671.215666153585
"2018-03-22 00:00:00",17976.769571891524
"2018-03-23 00:00:00",18837.80503252311
"2018-03-24 00:00:00",16707.969783929777
"2018-03-25 00:00:00",15127.425218434128
"2018-03-26 00:00:00",17896.984448951996
"2018-03-27 00:00:00",17280.524354811143
"2018-03-28 00:00:00",17337.777966101694
"2018-03-29 00:00:00",17606.35733007164
"2018-03-30 00:00:00",18528.681198910082
"2018-03-31 00:00:00",17113.825054723016
"2018-04-01 00:00:00",15901.201200200034
"2018-04-02 00:00:00",16953.064277301026
"2018-04-03 00:00:00",19131.42991755006
"2018-04-04 00:00:00",18697.514535372207
"2018-04-05 00:00:00",19561.02089252883
"2018-04-06 00:00:00",17809.18794620621
"2018-04-07 00:00:00",15831.270726460367
"2018-04-08 00:00:00",17282.01368948247
"2018-04-09 00:00:00",18783.114319890636
"2018-04-10 00:00:00",17634.313945692254
"2018-04-11 00:00:00",18648.74654297217
"2018-04-12 00:00:00",21364.920764552564
"2018-04-13 00:00:00",21293.939420089748
"2018-04-14 00:00:00",18183.020068610636